session_id,range_id,launchId,kernel,label,pct_peak,pct,equal
1,0,0,_ZN14cask__5x_cudnn20computeOffsetsKernelILb0ELb0EEEvNS_20ComputeOffsetsParamsE,"1,0,0,_ZN14cask__5x_cudnn20computeOffsetsKernelILb0ELb0EEEvNS_20ComputeOffsetsParamsE",37.867884,37.867884,True
1,1,1,_5x_cudnn_ampere_scudnn_128x64_relu_medium_nn_v1,"1,1,1,_5x_cudnn_ampere_scudnn_128x64_relu_medium_nn_v1",82.198856,82.198856,True
1,2,2,_ZN2at6native18elementwise_kernelILi128ELi2EZNS0_22gpu_kernel_impl_nocastINS0_15CUDAFunctor_addIfEEEEvRNS_18TensorIteratorBaseERKT_EUliE_EEviT1_,"1,2,2,_ZN2at6native18elementwise_kernelILi128ELi2EZNS0_22gpu_kernel_impl_nocastINS0_15CUDAFunctor_addIfEEEEvRNS_18TensorIteratorBaseERKT_EUliE_EEviT1_",94.503276,94.503276,True
1,3,3,_ZN2at6native29vectorized_elementwise_kernelILi4ENS0_21CUDAFunctorOnSelf_addIlEENS_6detail5ArrayIPcLi2EEEEEviT0_T1_,"1,3,3,_ZN2at6native29vectorized_elementwise_kernelILi4ENS0_21CUDAFunctorOnSelf_addIlEENS_6detail5ArrayIPcLi2EEEEEviT0_T1_",0.555556,0.555556,True
1,4,4,_ZN5cudnn25bn_fw_tr_1C11_kernel_NCHWIffiLi512ELb1ELi1ELb1EEEv17cudnnTensorStructPKT_S1_PS2_PKT0_S8_S6_S6_PS6_S9_S9_S9_S6_S6_,"1,4,4,_ZN5cudnn25bn_fw_tr_1C11_kernel_NCHWIffiLi512ELb1ELi1ELb1EEEv17cudnnTensorStructPKT_S1_PS2_PKT0_S8_S6_S6_PS6_S9_S9_S9_S6_S6_",72.96823,72.96823,True
1,5,5,_ZN2at6native29vectorized_elementwise_kernelILi4EZZZNS0_49_GLOBAL__N__d2ba64fb_16_TensorCompare_cu_71e06f4e19launch_clamp_scalarERNS_18TensorIteratorBaseEN3c106ScalarES6_NS0_6detail11ClampLimitsEENKUlvE_clEvENKUlvE5_clEvEUlfE_NS_6detail5ArrayIPcLi2EEEEEviT0_T1_,"1,5,5,_ZN2at6native29vectorized_elementwise_kernelILi4EZZZNS0_49_GLOBAL__N__d2ba64fb_16_TensorCompare_cu_71e06f4e19launch_clamp_scalarERNS_18TensorIteratorBaseEN3c106ScalarES6_NS0_6detail11ClampLimitsEENKUlvE_clEvENKUlvE5_clEvEUlfE_NS_6detail5ArrayIPcLi2EEEEEviT0_T1_",91.754622,91.754622,True
1,6,6,_ZN5cudnn8winograd27generateWinogradTilesKernelILi0EffEEvNS0_27GenerateWinogradTilesParamsIT0_T1_EE,"1,6,6,_ZN5cudnn8winograd27generateWinogradTilesKernelILi0EffEEvNS0_27GenerateWinogradTilesParamsIT0_T1_EE",23.1882,23.1882,True
1,7,7,_5x_cudnn_ampere_scudnn_winograd_128x128_ldg1_ldg4_relu_tile148t_nt_v1,"1,7,7,_5x_cudnn_ampere_scudnn_winograd_128x128_ldg1_ldg4_relu_tile148t_nt_v1",93.102201,93.102201,True
1,8,8,_ZN2at6native18elementwise_kernelILi128ELi2EZNS0_22gpu_kernel_impl_nocastINS0_15CUDAFunctor_addIfEEEEvRNS_18TensorIteratorBaseERKT_EUliE_EEviT1_,"1,8,8,_ZN2at6native18elementwise_kernelILi128ELi2EZNS0_22gpu_kernel_impl_nocastINS0_15CUDAFunctor_addIfEEEEvRNS_18TensorIteratorBaseERKT_EUliE_EEviT1_",95.595921,95.595921,True
1,9,9,_ZN2at6native29vectorized_elementwise_kernelILi4ENS0_21CUDAFunctorOnSelf_addIlEENS_6detail5ArrayIPcLi2EEEEEviT0_T1_,"1,9,9,_ZN2at6native29vectorized_elementwise_kernelILi4ENS0_21CUDAFunctorOnSelf_addIlEENS_6detail5ArrayIPcLi2EEEEEviT0_T1_",0.459772,0.459772,True
2,0,10,_ZN5cudnn25bn_fw_tr_1C11_kernel_NCHWIffiLi512ELb1ELi1ELb1EEEv17cudnnTensorStructPKT_S1_PS2_PKT0_S8_S6_S6_PS6_S9_S9_S9_S6_S6_,"2,0,10,_ZN5cudnn25bn_fw_tr_1C11_kernel_NCHWIffiLi512ELb1ELi1ELb1EEEv17cudnnTensorStructPKT_S1_PS2_PKT0_S8_S6_S6_PS6_S9_S9_S9_S6_S6_",73.135119,73.135119,True
2,1,11,_ZN2at6native29vectorized_elementwise_kernelILi4EZZZNS0_49_GLOBAL__N__d2ba64fb_16_TensorCompare_cu_71e06f4e19launch_clamp_scalarERNS_18TensorIteratorBaseEN3c106ScalarES6_NS0_6detail11ClampLimitsEENKUlvE_clEvENKUlvE5_clEvEUlfE_NS_6detail5ArrayIPcLi2EEEEEviT0_T1_,"2,1,11,_ZN2at6native29vectorized_elementwise_kernelILi4EZZZNS0_49_GLOBAL__N__d2ba64fb_16_TensorCompare_cu_71e06f4e19launch_clamp_scalarERNS_18TensorIteratorBaseEN3c106ScalarES6_NS0_6detail11ClampLimitsEENKUlvE_clEvENKUlvE5_clEvEUlfE_NS_6detail5ArrayIPcLi2EEEEEviT0_T1_",92.860617,92.860617,True
2,2,12,_ZN2at6native52_GLOBAL__N__e57809e0_19_DilatedMaxPool2d_cu_6258b57421max_pool_forward_nchwIfEEviPKT_llliiiiiiiiiiPS3_Pl,"2,2,12,_ZN2at6native52_GLOBAL__N__e57809e0_19_DilatedMaxPool2d_cu_6258b57421max_pool_forward_nchwIfEEviPKT_llliiiiiiiiiiPS3_Pl",93.792689,93.792689,True
2,3,13,_ZN5cudnn19engines_precompiled16nchwToNhwcKernelIfffLb0ELb1EL21cudnnKernelDataType_t2EEEvNS0_18nchw2nhwc_params_tIT1_EEPKT_PT0_,"2,3,13,_ZN5cudnn19engines_precompiled16nchwToNhwcKernelIfffLb0ELb1EL21cudnnKernelDataType_t2EEEvNS0_18nchw2nhwc_params_tIT1_EEPKT_PT0_",83.080356,83.080356,True
2,4,14,_ZN5cudnn19engines_precompiled16nchwToNhwcKernelIfffLb0ELb1EL21cudnnKernelDataType_t2EEEvNS0_18nchw2nhwc_params_tIT1_EEPKT_PT0_,"2,4,14,_ZN5cudnn19engines_precompiled16nchwToNhwcKernelIfffLb0ELb1EL21cudnnKernelDataType_t2EEEvNS0_18nchw2nhwc_params_tIT1_EEPKT_PT0_",60.059105,60.059105,True
2,5,15,sm86_xmma_fprop_implicit_gemm_tf32f32_tf32f32_f32_nhwckrsc_nchw_tilesize256x128x32_stage2_warpsize4x2x1_g1_tensor16x8x8_alignc4_execute_kernel__5x_cudnn,"2,5,15,sm86_xmma_fprop_implicit_gemm_tf32f32_tf32f32_f32_nhwckrsc_nchw_tilesize256x128x32_stage2_warpsize4x2x1_g1_tensor16x8x8_alignc4_execute_kernel__5x_cudnn",57.215309,57.215309,True
2,6,16,_ZN2at6native18elementwise_kernelILi128ELi2EZNS0_22gpu_kernel_impl_nocastINS0_15CUDAFunctor_addIfEEEEvRNS_18TensorIteratorBaseERKT_EUliE_EEviT1_,"2,6,16,_ZN2at6native18elementwise_kernelILi128ELi2EZNS0_22gpu_kernel_impl_nocastINS0_15CUDAFunctor_addIfEEEEvRNS_18TensorIteratorBaseERKT_EUliE_EEviT1_",89.971794,89.971794,True
2,7,17,_ZN2at6native29vectorized_elementwise_kernelILi4ENS0_21CUDAFunctorOnSelf_addIlEENS_6detail5ArrayIPcLi2EEEEEviT0_T1_,"2,7,17,_ZN2at6native29vectorized_elementwise_kernelILi4ENS0_21CUDAFunctorOnSelf_addIlEENS_6detail5ArrayIPcLi2EEEEEviT0_T1_",0.596082,0.596082,True
2,8,18,_ZN5cudnn25bn_fw_tr_1C11_kernel_NCHWIffiLi512ELb1ELi1ELb1EEEv17cudnnTensorStructPKT_S1_PS2_PKT0_S8_S6_S6_PS6_S9_S9_S9_S6_S6_,"2,8,18,_ZN5cudnn25bn_fw_tr_1C11_kernel_NCHWIffiLi512ELb1ELi1ELb1EEEv17cudnnTensorStructPKT_S1_PS2_PKT0_S8_S6_S6_PS6_S9_S9_S9_S6_S6_",75.569537,75.569537,True
2,9,19,_ZN2at6native29vectorized_elementwise_kernelILi4EZZZNS0_49_GLOBAL__N__d2ba64fb_16_TensorCompare_cu_71e06f4e19launch_clamp_scalarERNS_18TensorIteratorBaseEN3c106ScalarES6_NS0_6detail11ClampLimitsEENKUlvE_clEvENKUlvE5_clEvEUlfE_NS_6detail5ArrayIPcLi2EEEEEviT0_T1_,"2,9,19,_ZN2at6native29vectorized_elementwise_kernelILi4EZZZNS0_49_GLOBAL__N__d2ba64fb_16_TensorCompare_cu_71e06f4e19launch_clamp_scalarERNS_18TensorIteratorBaseEN3c106ScalarES6_NS0_6detail11ClampLimitsEENKUlvE_clEvENKUlvE5_clEvEUlfE_NS_6detail5ArrayIPcLi2EEEEEviT0_T1_",87.251894,87.251894,True
3,0,20,_ZN5cudnn19engines_precompiled16nchwToNhwcKernelIfffLb0ELb1EL21cudnnKernelDataType_t2EEEvNS0_18nchw2nhwc_params_tIT1_EEPKT_PT0_,"3,0,20,_ZN5cudnn19engines_precompiled16nchwToNhwcKernelIfffLb0ELb1EL21cudnnKernelDataType_t2EEEvNS0_18nchw2nhwc_params_tIT1_EEPKT_PT0_",88.489089,88.489089,True
3,1,21,_ZN5cudnn19engines_precompiled16nchwToNhwcKernelIfffLb0ELb1EL21cudnnKernelDataType_t2EEEvNS0_18nchw2nhwc_params_tIT1_EEPKT_PT0_,"3,1,21,_ZN5cudnn19engines_precompiled16nchwToNhwcKernelIfffLb0ELb1EL21cudnnKernelDataType_t2EEEvNS0_18nchw2nhwc_params_tIT1_EEPKT_PT0_",62.887275,62.887275,True
3,2,22,sm86_xmma_fprop_implicit_gemm_tf32f32_tf32f32_f32_nhwckrsc_nchw_tilesize128x128x16_stage3_warpsize2x2x1_g1_tensor16x8x8_alignc4_execute_kernel__5x_cudnn,"3,2,22,sm86_xmma_fprop_implicit_gemm_tf32f32_tf32f32_f32_nhwckrsc_nchw_tilesize128x128x16_stage3_warpsize2x2x1_g1_tensor16x8x8_alignc4_execute_kernel__5x_cudnn",79.769503,79.769503,True
3,3,23,_ZN2at6native18elementwise_kernelILi128ELi2EZNS0_22gpu_kernel_impl_nocastINS0_15CUDAFunctor_addIfEEEEvRNS_18TensorIteratorBaseERKT_EUliE_EEviT1_,"3,3,23,_ZN2at6native18elementwise_kernelILi128ELi2EZNS0_22gpu_kernel_impl_nocastINS0_15CUDAFunctor_addIfEEEEvRNS_18TensorIteratorBaseERKT_EUliE_EEviT1_",90.867692,90.867692,True
3,4,24,_ZN2at6native29vectorized_elementwise_kernelILi4ENS0_21CUDAFunctorOnSelf_addIlEENS_6detail5ArrayIPcLi2EEEEEviT0_T1_,"3,4,24,_ZN2at6native29vectorized_elementwise_kernelILi4ENS0_21CUDAFunctorOnSelf_addIlEENS_6detail5ArrayIPcLi2EEEEEviT0_T1_",0.577865,0.577865,True
3,5,25,_ZN5cudnn25bn_fw_tr_1C11_kernel_NCHWIffiLi512ELb1ELi1ELb1EEEv17cudnnTensorStructPKT_S1_PS2_PKT0_S8_S6_S6_PS6_S9_S9_S9_S6_S6_,"3,5,25,_ZN5cudnn25bn_fw_tr_1C11_kernel_NCHWIffiLi512ELb1ELi1ELb1EEEv17cudnnTensorStructPKT_S1_PS2_PKT0_S8_S6_S6_PS6_S9_S9_S9_S6_S6_",74.979097,74.979097,True
3,6,26,_ZN2at6native29vectorized_elementwise_kernelILi4EZZZNS0_49_GLOBAL__N__d2ba64fb_16_TensorCompare_cu_71e06f4e19launch_clamp_scalarERNS_18TensorIteratorBaseEN3c106ScalarES6_NS0_6detail11ClampLimitsEENKUlvE_clEvENKUlvE5_clEvEUlfE_NS_6detail5ArrayIPcLi2EEEEEviT0_T1_,"3,6,26,_ZN2at6native29vectorized_elementwise_kernelILi4EZZZNS0_49_GLOBAL__N__d2ba64fb_16_TensorCompare_cu_71e06f4e19launch_clamp_scalarERNS_18TensorIteratorBaseEN3c106ScalarES6_NS0_6detail11ClampLimitsEENKUlvE_clEvENKUlvE5_clEvEUlfE_NS_6detail5ArrayIPcLi2EEEEEviT0_T1_",88.440132,88.440132,True
3,7,27,_ZN2at6native52_GLOBAL__N__e57809e0_19_DilatedMaxPool2d_cu_6258b57421max_pool_forward_nchwIfEEviPKT_llliiiiiiiiiiPS3_Pl,"3,7,27,_ZN2at6native52_GLOBAL__N__e57809e0_19_DilatedMaxPool2d_cu_6258b57421max_pool_forward_nchwIfEEviPKT_llliiiiiiiiiiPS3_Pl",89.608008,89.608008,True
3,8,28,_ZN5cudnn19engines_precompiled16nchwToNhwcKernelIfffLb0ELb1EL21cudnnKernelDataType_t2EEEvNS0_18nchw2nhwc_params_tIT1_EEPKT_PT0_,"3,8,28,_ZN5cudnn19engines_precompiled16nchwToNhwcKernelIfffLb0ELb1EL21cudnnKernelDataType_t2EEEvNS0_18nchw2nhwc_params_tIT1_EEPKT_PT0_",78.031725,78.031725,True
3,9,29,_ZN5cudnn19engines_precompiled16nchwToNhwcKernelIfffLb0ELb1EL21cudnnKernelDataType_t2EEEvNS0_18nchw2nhwc_params_tIT1_EEPKT_PT0_,"3,9,29,_ZN5cudnn19engines_precompiled16nchwToNhwcKernelIfffLb0ELb1EL21cudnnKernelDataType_t2EEEvNS0_18nchw2nhwc_params_tIT1_EEPKT_PT0_",74.247676,74.247676,True
4,0,30,sm86_xmma_fprop_implicit_gemm_tf32f32_tf32f32_f32_nhwckrsc_nchw_tilesize128x128x16_stage3_warpsize2x2x1_g1_tensor16x8x8_alignc4_execute_kernel__5x_cudnn,"4,0,30,sm86_xmma_fprop_implicit_gemm_tf32f32_tf32f32_f32_nhwckrsc_nchw_tilesize128x128x16_stage3_warpsize2x2x1_g1_tensor16x8x8_alignc4_execute_kernel__5x_cudnn",57.724819,57.724819,True
4,1,31,_ZN2at6native18elementwise_kernelILi128ELi2EZNS0_22gpu_kernel_impl_nocastINS0_15CUDAFunctor_addIfEEEEvRNS_18TensorIteratorBaseERKT_EUliE_EEviT1_,"4,1,31,_ZN2at6native18elementwise_kernelILi128ELi2EZNS0_22gpu_kernel_impl_nocastINS0_15CUDAFunctor_addIfEEEEvRNS_18TensorIteratorBaseERKT_EUliE_EEviT1_",87.56732,87.56732,True
4,2,32,_ZN2at6native29vectorized_elementwise_kernelILi4ENS0_21CUDAFunctorOnSelf_addIlEENS_6detail5ArrayIPcLi2EEEEEviT0_T1_,"4,2,32,_ZN2at6native29vectorized_elementwise_kernelILi4ENS0_21CUDAFunctorOnSelf_addIlEENS_6detail5ArrayIPcLi2EEEEEviT0_T1_",0.549447,0.549447,True
4,3,33,_ZN5cudnn24bn_fw_tr_1C11_singlereadIfLi512ELb1ELi1ELi2ELi0EEEvNS_18bn_fw_tr_1C11_argsIT_EE,"4,3,33,_ZN5cudnn24bn_fw_tr_1C11_singlereadIfLi512ELb1ELi1ELi2ELi0EEEvNS_18bn_fw_tr_1C11_argsIT_EE",71.550545,71.550545,True
4,4,34,_ZN2at6native29vectorized_elementwise_kernelILi4EZZZNS0_49_GLOBAL__N__d2ba64fb_16_TensorCompare_cu_71e06f4e19launch_clamp_scalarERNS_18TensorIteratorBaseEN3c106ScalarES6_NS0_6detail11ClampLimitsEENKUlvE_clEvENKUlvE5_clEvEUlfE_NS_6detail5ArrayIPcLi2EEEEEviT0_T1_,"4,4,34,_ZN2at6native29vectorized_elementwise_kernelILi4EZZZNS0_49_GLOBAL__N__d2ba64fb_16_TensorCompare_cu_71e06f4e19launch_clamp_scalarERNS_18TensorIteratorBaseEN3c106ScalarES6_NS0_6detail11ClampLimitsEENKUlvE_clEvENKUlvE5_clEvEUlfE_NS_6detail5ArrayIPcLi2EEEEEviT0_T1_",72.86861,72.86861,True
4,5,35,_ZN5cudnn19engines_precompiled16nchwToNhwcKernelIfffLb0ELb1EL21cudnnKernelDataType_t2EEEvNS0_18nchw2nhwc_params_tIT1_EEPKT_PT0_,"4,5,35,_ZN5cudnn19engines_precompiled16nchwToNhwcKernelIfffLb0ELb1EL21cudnnKernelDataType_t2EEEvNS0_18nchw2nhwc_params_tIT1_EEPKT_PT0_",83.039064,83.039064,True
4,6,36,_ZN5cudnn19engines_precompiled16nchwToNhwcKernelIfffLb0ELb1EL21cudnnKernelDataType_t2EEEvNS0_18nchw2nhwc_params_tIT1_EEPKT_PT0_,"4,6,36,_ZN5cudnn19engines_precompiled16nchwToNhwcKernelIfffLb0ELb1EL21cudnnKernelDataType_t2EEEvNS0_18nchw2nhwc_params_tIT1_EEPKT_PT0_",80.575659,80.575659,True
4,7,37,sm86_xmma_fprop_implicit_gemm_tf32f32_tf32f32_f32_nhwckrsc_nchw_tilesize128x128x16_stage3_warpsize2x2x1_g1_tensor16x8x8_alignc4_execute_kernel__5x_cudnn,"4,7,37,sm86_xmma_fprop_implicit_gemm_tf32f32_tf32f32_f32_nhwckrsc_nchw_tilesize128x128x16_stage3_warpsize2x2x1_g1_tensor16x8x8_alignc4_execute_kernel__5x_cudnn",90.336011,90.336011,True
4,8,38,_ZN2at6native18elementwise_kernelILi128ELi2EZNS0_22gpu_kernel_impl_nocastINS0_15CUDAFunctor_addIfEEEEvRNS_18TensorIteratorBaseERKT_EUliE_EEviT1_,"4,8,38,_ZN2at6native18elementwise_kernelILi128ELi2EZNS0_22gpu_kernel_impl_nocastINS0_15CUDAFunctor_addIfEEEEvRNS_18TensorIteratorBaseERKT_EUliE_EEviT1_",87.105788,87.105788,True
4,9,39,_ZN2at6native29vectorized_elementwise_kernelILi4ENS0_21CUDAFunctorOnSelf_addIlEENS_6detail5ArrayIPcLi2EEEEEviT0_T1_,"4,9,39,_ZN2at6native29vectorized_elementwise_kernelILi4ENS0_21CUDAFunctorOnSelf_addIlEENS_6detail5ArrayIPcLi2EEEEEviT0_T1_",0.549703,0.549703,True
5,0,40,_ZN5cudnn24bn_fw_tr_1C11_singlereadIfLi512ELb1ELi1ELi2ELi0EEEvNS_18bn_fw_tr_1C11_argsIT_EE,"5,0,40,_ZN5cudnn24bn_fw_tr_1C11_singlereadIfLi512ELb1ELi1ELi2ELi0EEEvNS_18bn_fw_tr_1C11_argsIT_EE",72.033394,72.033394,True
5,1,41,_ZN2at6native29vectorized_elementwise_kernelILi4EZZZNS0_49_GLOBAL__N__d2ba64fb_16_TensorCompare_cu_71e06f4e19launch_clamp_scalarERNS_18TensorIteratorBaseEN3c106ScalarES6_NS0_6detail11ClampLimitsEENKUlvE_clEvENKUlvE5_clEvEUlfE_NS_6detail5ArrayIPcLi2EEEEEviT0_T1_,"5,1,41,_ZN2at6native29vectorized_elementwise_kernelILi4EZZZNS0_49_GLOBAL__N__d2ba64fb_16_TensorCompare_cu_71e06f4e19launch_clamp_scalarERNS_18TensorIteratorBaseEN3c106ScalarES6_NS0_6detail11ClampLimitsEENKUlvE_clEvENKUlvE5_clEvEUlfE_NS_6detail5ArrayIPcLi2EEEEEviT0_T1_",72.795392,72.795392,True
5,2,42,_ZN5cudnn19engines_precompiled16nchwToNhwcKernelIfffLb0ELb1EL21cudnnKernelDataType_t2EEEvNS0_18nchw2nhwc_params_tIT1_EEPKT_PT0_,"5,2,42,_ZN5cudnn19engines_precompiled16nchwToNhwcKernelIfffLb0ELb1EL21cudnnKernelDataType_t2EEEvNS0_18nchw2nhwc_params_tIT1_EEPKT_PT0_",81.199808,81.199808,True
5,3,43,_ZN5cudnn19engines_precompiled16nchwToNhwcKernelIfffLb0ELb1EL21cudnnKernelDataType_t2EEEvNS0_18nchw2nhwc_params_tIT1_EEPKT_PT0_,"5,3,43,_ZN5cudnn19engines_precompiled16nchwToNhwcKernelIfffLb0ELb1EL21cudnnKernelDataType_t2EEEvNS0_18nchw2nhwc_params_tIT1_EEPKT_PT0_",81.704649,81.704649,True
5,4,44,sm86_xmma_fprop_implicit_gemm_tf32f32_tf32f32_f32_nhwckrsc_nchw_tilesize128x128x16_stage3_warpsize2x2x1_g1_tensor16x8x8_alignc4_execute_kernel__5x_cudnn,"5,4,44,sm86_xmma_fprop_implicit_gemm_tf32f32_tf32f32_f32_nhwckrsc_nchw_tilesize128x128x16_stage3_warpsize2x2x1_g1_tensor16x8x8_alignc4_execute_kernel__5x_cudnn",90.50552,90.50552,True
5,5,45,_ZN2at6native18elementwise_kernelILi128ELi2EZNS0_22gpu_kernel_impl_nocastINS0_15CUDAFunctor_addIfEEEEvRNS_18TensorIteratorBaseERKT_EUliE_EEviT1_,"5,5,45,_ZN2at6native18elementwise_kernelILi128ELi2EZNS0_22gpu_kernel_impl_nocastINS0_15CUDAFunctor_addIfEEEEvRNS_18TensorIteratorBaseERKT_EUliE_EEviT1_",82.914157,82.914157,True
5,6,46,_ZN2at6native29vectorized_elementwise_kernelILi4ENS0_21CUDAFunctorOnSelf_addIlEENS_6detail5ArrayIPcLi2EEEEEviT0_T1_,"5,6,46,_ZN2at6native29vectorized_elementwise_kernelILi4ENS0_21CUDAFunctorOnSelf_addIlEENS_6detail5ArrayIPcLi2EEEEEviT0_T1_",0.567086,0.567086,True
5,7,47,_ZN5cudnn24bn_fw_tr_1C11_singlereadIfLi512ELb1ELi1ELi2ELi0EEEvNS_18bn_fw_tr_1C11_argsIT_EE,"5,7,47,_ZN5cudnn24bn_fw_tr_1C11_singlereadIfLi512ELb1ELi1ELi2ELi0EEEvNS_18bn_fw_tr_1C11_argsIT_EE",70.191725,70.191725,True
5,8,48,_ZN2at6native29vectorized_elementwise_kernelILi4EZZZNS0_49_GLOBAL__N__d2ba64fb_16_TensorCompare_cu_71e06f4e19launch_clamp_scalarERNS_18TensorIteratorBaseEN3c106ScalarES6_NS0_6detail11ClampLimitsEENKUlvE_clEvENKUlvE5_clEvEUlfE_NS_6detail5ArrayIPcLi2EEEEEviT0_T1_,"5,8,48,_ZN2at6native29vectorized_elementwise_kernelILi4EZZZNS0_49_GLOBAL__N__d2ba64fb_16_TensorCompare_cu_71e06f4e19launch_clamp_scalarERNS_18TensorIteratorBaseEN3c106ScalarES6_NS0_6detail11ClampLimitsEENKUlvE_clEvENKUlvE5_clEvEUlfE_NS_6detail5ArrayIPcLi2EEEEEviT0_T1_",74.257424,74.257424,True
5,9,49,_ZN2at6native52_GLOBAL__N__e57809e0_19_DilatedMaxPool2d_cu_6258b57421max_pool_forward_nchwIfEEviPKT_llliiiiiiiiiiPS3_Pl,"5,9,49,_ZN2at6native52_GLOBAL__N__e57809e0_19_DilatedMaxPool2d_cu_6258b57421max_pool_forward_nchwIfEEviPKT_llliiiiiiiiiiPS3_Pl",82.506706,82.506706,True
6,0,50,_ZN5cudnn19engines_precompiled16nchwToNhwcKernelIfffLb0ELb1EL21cudnnKernelDataType_t2EEEvNS0_18nchw2nhwc_params_tIT1_EEPKT_PT0_,"6,0,50,_ZN5cudnn19engines_precompiled16nchwToNhwcKernelIfffLb0ELb1EL21cudnnKernelDataType_t2EEEvNS0_18nchw2nhwc_params_tIT1_EEPKT_PT0_",52.830458,52.830458,True
6,1,51,_ZN5cudnn19engines_precompiled16nchwToNhwcKernelIfffLb0ELb1EL21cudnnKernelDataType_t2EEEvNS0_18nchw2nhwc_params_tIT1_EEPKT_PT0_,"6,1,51,_ZN5cudnn19engines_precompiled16nchwToNhwcKernelIfffLb0ELb1EL21cudnnKernelDataType_t2EEEvNS0_18nchw2nhwc_params_tIT1_EEPKT_PT0_",89.091365,89.091365,True
6,2,52,_ZN17cutlass__5x_cudnn6KernelI66cutlass_tensorop_s1688fprop_optimized_tf32_128x64_16x6_nhwc_align4EEvNT_6ParamsE,"6,2,52,_ZN17cutlass__5x_cudnn6KernelI66cutlass_tensorop_s1688fprop_optimized_tf32_128x64_16x6_nhwc_align4EEvNT_6ParamsE",64.485166,64.485166,True
6,3,53,_ZN5cudnn19engines_precompiled16nhwcToNchwKernelIfffLb1ELb0EL21cudnnKernelDataType_t0EEEvNS0_18nhwc2nchw_params_tIT1_EEPKT_PT0_,"6,3,53,_ZN5cudnn19engines_precompiled16nhwcToNchwKernelIfffLb1ELb0EL21cudnnKernelDataType_t0EEEvNS0_18nhwc2nchw_params_tIT1_EEPKT_PT0_",72.892615,72.892615,True
6,4,54,_ZN2at6native18elementwise_kernelILi128ELi2EZNS0_22gpu_kernel_impl_nocastINS0_15CUDAFunctor_addIfEEEEvRNS_18TensorIteratorBaseERKT_EUliE_EEviT1_,"6,4,54,_ZN2at6native18elementwise_kernelILi128ELi2EZNS0_22gpu_kernel_impl_nocastINS0_15CUDAFunctor_addIfEEEEvRNS_18TensorIteratorBaseERKT_EUliE_EEviT1_",81.14753,81.14753,True
6,5,55,_ZN2at6native29vectorized_elementwise_kernelILi4ENS0_21CUDAFunctorOnSelf_addIlEENS_6detail5ArrayIPcLi2EEEEEviT0_T1_,"6,5,55,_ZN2at6native29vectorized_elementwise_kernelILi4ENS0_21CUDAFunctorOnSelf_addIlEENS_6detail5ArrayIPcLi2EEEEEviT0_T1_",0.553209,0.553209,True
6,6,56,_ZN5cudnn24bn_fw_tr_1C11_singlereadIfLi512ELb1ELi1ELi2ELi0EEEvNS_18bn_fw_tr_1C11_argsIT_EE,"6,6,56,_ZN5cudnn24bn_fw_tr_1C11_singlereadIfLi512ELb1ELi1ELi2ELi0EEEvNS_18bn_fw_tr_1C11_argsIT_EE",76.584625,76.584625,True
6,7,57,_ZN2at6native29vectorized_elementwise_kernelILi4EZZZNS0_49_GLOBAL__N__d2ba64fb_16_TensorCompare_cu_71e06f4e19launch_clamp_scalarERNS_18TensorIteratorBaseEN3c106ScalarES6_NS0_6detail11ClampLimitsEENKUlvE_clEvENKUlvE5_clEvEUlfE_NS_6detail5ArrayIPcLi2EEEEEviT0_T1_,"6,7,57,_ZN2at6native29vectorized_elementwise_kernelILi4EZZZNS0_49_GLOBAL__N__d2ba64fb_16_TensorCompare_cu_71e06f4e19launch_clamp_scalarERNS_18TensorIteratorBaseEN3c106ScalarES6_NS0_6detail11ClampLimitsEENKUlvE_clEvENKUlvE5_clEvEUlfE_NS_6detail5ArrayIPcLi2EEEEEviT0_T1_",70.20281,70.20281,True
6,8,58,_ZN5cudnn19engines_precompiled16nchwToNhwcKernelIfffLb0ELb1EL21cudnnKernelDataType_t2EEEvNS0_18nchw2nhwc_params_tIT1_EEPKT_PT0_,"6,8,58,_ZN5cudnn19engines_precompiled16nchwToNhwcKernelIfffLb0ELb1EL21cudnnKernelDataType_t2EEEvNS0_18nchw2nhwc_params_tIT1_EEPKT_PT0_",70.472689,70.472689,True
6,9,59,_ZN5cudnn19engines_precompiled16nchwToNhwcKernelIfffLb0ELb1EL21cudnnKernelDataType_t2EEEvNS0_18nchw2nhwc_params_tIT1_EEPKT_PT0_,"6,9,59,_ZN5cudnn19engines_precompiled16nchwToNhwcKernelIfffLb0ELb1EL21cudnnKernelDataType_t2EEEvNS0_18nchw2nhwc_params_tIT1_EEPKT_PT0_",91.3621,91.3621,True
7,0,60,_ZN17cutlass__5x_cudnn6KernelI66cutlass_tensorop_s1688fprop_optimized_tf32_128x64_32x3_nhwc_align4EEvNT_6ParamsE,"7,0,60,_ZN17cutlass__5x_cudnn6KernelI66cutlass_tensorop_s1688fprop_optimized_tf32_128x64_32x3_nhwc_align4EEvNT_6ParamsE",65.473,65.473,True
7,1,61,_ZN5cudnn19engines_precompiled16nhwcToNchwKernelIfffLb1ELb0EL21cudnnKernelDataType_t0EEEvNS0_18nhwc2nchw_params_tIT1_EEPKT_PT0_,"7,1,61,_ZN5cudnn19engines_precompiled16nhwcToNchwKernelIfffLb1ELb0EL21cudnnKernelDataType_t0EEEvNS0_18nhwc2nchw_params_tIT1_EEPKT_PT0_",69.829158,69.829158,True
7,2,62,_ZN2at6native18elementwise_kernelILi128ELi2EZNS0_22gpu_kernel_impl_nocastINS0_15CUDAFunctor_addIfEEEEvRNS_18TensorIteratorBaseERKT_EUliE_EEviT1_,"7,2,62,_ZN2at6native18elementwise_kernelILi128ELi2EZNS0_22gpu_kernel_impl_nocastINS0_15CUDAFunctor_addIfEEEEvRNS_18TensorIteratorBaseERKT_EUliE_EEviT1_",80.330964,80.330964,True
7,3,63,_ZN2at6native29vectorized_elementwise_kernelILi4ENS0_21CUDAFunctorOnSelf_addIlEENS_6detail5ArrayIPcLi2EEEEEviT0_T1_,"7,3,63,_ZN2at6native29vectorized_elementwise_kernelILi4ENS0_21CUDAFunctorOnSelf_addIlEENS_6detail5ArrayIPcLi2EEEEEviT0_T1_",0.556457,0.556457,True
7,4,64,_ZN5cudnn24bn_fw_tr_1C11_singlereadIfLi512ELb1ELi1ELi2ELi0EEEvNS_18bn_fw_tr_1C11_argsIT_EE,"7,4,64,_ZN5cudnn24bn_fw_tr_1C11_singlereadIfLi512ELb1ELi1ELi2ELi0EEEvNS_18bn_fw_tr_1C11_argsIT_EE",77.864235,77.864235,True
7,5,65,_ZN2at6native29vectorized_elementwise_kernelILi4EZZZNS0_49_GLOBAL__N__d2ba64fb_16_TensorCompare_cu_71e06f4e19launch_clamp_scalarERNS_18TensorIteratorBaseEN3c106ScalarES6_NS0_6detail11ClampLimitsEENKUlvE_clEvENKUlvE5_clEvEUlfE_NS_6detail5ArrayIPcLi2EEEEEviT0_T1_,"7,5,65,_ZN2at6native29vectorized_elementwise_kernelILi4EZZZNS0_49_GLOBAL__N__d2ba64fb_16_TensorCompare_cu_71e06f4e19launch_clamp_scalarERNS_18TensorIteratorBaseEN3c106ScalarES6_NS0_6detail11ClampLimitsEENKUlvE_clEvENKUlvE5_clEvEUlfE_NS_6detail5ArrayIPcLi2EEEEEviT0_T1_",72.324833,72.324833,True
7,6,66,_ZN5cudnn19engines_precompiled16nchwToNhwcKernelIfffLb0ELb1EL21cudnnKernelDataType_t2EEEvNS0_18nchw2nhwc_params_tIT1_EEPKT_PT0_,"7,6,66,_ZN5cudnn19engines_precompiled16nchwToNhwcKernelIfffLb0ELb1EL21cudnnKernelDataType_t2EEEvNS0_18nchw2nhwc_params_tIT1_EEPKT_PT0_",74.677315,74.677315,True
7,7,67,_ZN5cudnn19engines_precompiled16nchwToNhwcKernelIfffLb0ELb1EL21cudnnKernelDataType_t2EEEvNS0_18nchw2nhwc_params_tIT1_EEPKT_PT0_,"7,7,67,_ZN5cudnn19engines_precompiled16nchwToNhwcKernelIfffLb0ELb1EL21cudnnKernelDataType_t2EEEvNS0_18nchw2nhwc_params_tIT1_EEPKT_PT0_",91.916833,91.916833,True
7,8,68,_ZN17cutlass__5x_cudnn6KernelI66cutlass_tensorop_s1688fprop_optimized_tf32_128x64_32x3_nhwc_align4EEvNT_6ParamsE,"7,8,68,_ZN17cutlass__5x_cudnn6KernelI66cutlass_tensorop_s1688fprop_optimized_tf32_128x64_32x3_nhwc_align4EEvNT_6ParamsE",65.456671,65.456671,True
7,9,69,_ZN5cudnn19engines_precompiled16nhwcToNchwKernelIfffLb1ELb0EL21cudnnKernelDataType_t0EEEvNS0_18nhwc2nchw_params_tIT1_EEPKT_PT0_,"7,9,69,_ZN5cudnn19engines_precompiled16nhwcToNchwKernelIfffLb1ELb0EL21cudnnKernelDataType_t0EEEvNS0_18nhwc2nchw_params_tIT1_EEPKT_PT0_",71.443153,71.443153,True
8,0,70,_ZN2at6native18elementwise_kernelILi128ELi2EZNS0_22gpu_kernel_impl_nocastINS0_15CUDAFunctor_addIfEEEEvRNS_18TensorIteratorBaseERKT_EUliE_EEviT1_,"8,0,70,_ZN2at6native18elementwise_kernelILi128ELi2EZNS0_22gpu_kernel_impl_nocastINS0_15CUDAFunctor_addIfEEEEvRNS_18TensorIteratorBaseERKT_EUliE_EEviT1_",82.679138,82.679138,True
8,1,71,_ZN2at6native29vectorized_elementwise_kernelILi4ENS0_21CUDAFunctorOnSelf_addIlEENS_6detail5ArrayIPcLi2EEEEEviT0_T1_,"8,1,71,_ZN2at6native29vectorized_elementwise_kernelILi4ENS0_21CUDAFunctorOnSelf_addIlEENS_6detail5ArrayIPcLi2EEEEEviT0_T1_",0.558394,0.558394,True
8,2,72,_ZN5cudnn24bn_fw_tr_1C11_singlereadIfLi512ELb1ELi1ELi2ELi0EEEvNS_18bn_fw_tr_1C11_argsIT_EE,"8,2,72,_ZN5cudnn24bn_fw_tr_1C11_singlereadIfLi512ELb1ELi1ELi2ELi0EEEvNS_18bn_fw_tr_1C11_argsIT_EE",77.147545,77.147545,True
8,3,73,_ZN2at6native29vectorized_elementwise_kernelILi4EZZZNS0_49_GLOBAL__N__d2ba64fb_16_TensorCompare_cu_71e06f4e19launch_clamp_scalarERNS_18TensorIteratorBaseEN3c106ScalarES6_NS0_6detail11ClampLimitsEENKUlvE_clEvENKUlvE5_clEvEUlfE_NS_6detail5ArrayIPcLi2EEEEEviT0_T1_,"8,3,73,_ZN2at6native29vectorized_elementwise_kernelILi4EZZZNS0_49_GLOBAL__N__d2ba64fb_16_TensorCompare_cu_71e06f4e19launch_clamp_scalarERNS_18TensorIteratorBaseEN3c106ScalarES6_NS0_6detail11ClampLimitsEENKUlvE_clEvENKUlvE5_clEvEUlfE_NS_6detail5ArrayIPcLi2EEEEEviT0_T1_",69.394027,69.394027,True
8,4,74,_ZN2at6native52_GLOBAL__N__e57809e0_19_DilatedMaxPool2d_cu_6258b57421max_pool_forward_nchwIfEEviPKT_llliiiiiiiiiiPS3_Pl,"8,4,74,_ZN2at6native52_GLOBAL__N__e57809e0_19_DilatedMaxPool2d_cu_6258b57421max_pool_forward_nchwIfEEviPKT_llliiiiiiiiiiPS3_Pl",77.143819,77.143819,True
8,5,75,_ZN5cudnn19engines_precompiled16nchwToNhwcKernelIfffLb0ELb1EL21cudnnKernelDataType_t2EEEvNS0_18nchw2nhwc_params_tIT1_EEPKT_PT0_,"8,5,75,_ZN5cudnn19engines_precompiled16nchwToNhwcKernelIfffLb0ELb1EL21cudnnKernelDataType_t2EEEvNS0_18nchw2nhwc_params_tIT1_EEPKT_PT0_",47.835889,47.835889,True
8,6,76,_ZN5cudnn19engines_precompiled16nchwToNhwcKernelIfffLb0ELb1EL21cudnnKernelDataType_t2EEEvNS0_18nchw2nhwc_params_tIT1_EEPKT_PT0_,"8,6,76,_ZN5cudnn19engines_precompiled16nchwToNhwcKernelIfffLb0ELb1EL21cudnnKernelDataType_t2EEEvNS0_18nchw2nhwc_params_tIT1_EEPKT_PT0_",92.234483,92.234483,True
8,7,77,sm86_xmma_fprop_implicit_gemm_indexed_tf32f32_tf32f32_f32_nhwckrsc_nhwc_tilesize128x64x32_stage4_warpsize2x2x1_g1_tensor16x8x8_execute_kernel__5x_cudnn,"8,7,77,sm86_xmma_fprop_implicit_gemm_indexed_tf32f32_tf32f32_f32_nhwckrsc_nhwc_tilesize128x64x32_stage4_warpsize2x2x1_g1_tensor16x8x8_execute_kernel__5x_cudnn",64.636952,64.636952,True
8,8,78,_ZN5cudnn19engines_precompiled16nhwcToNchwKernelIfffLb1ELb0EL21cudnnKernelDataType_t0EEEvNS0_18nhwc2nchw_params_tIT1_EEPKT_PT0_,"8,8,78,_ZN5cudnn19engines_precompiled16nhwcToNchwKernelIfffLb1ELb0EL21cudnnKernelDataType_t0EEEvNS0_18nhwc2nchw_params_tIT1_EEPKT_PT0_",55.9504,55.9504,True
8,9,79,_ZN2at6native18elementwise_kernelILi128ELi2EZNS0_22gpu_kernel_impl_nocastINS0_15CUDAFunctor_addIfEEEEvRNS_18TensorIteratorBaseERKT_EUliE_EEviT1_,"8,9,79,_ZN2at6native18elementwise_kernelILi128ELi2EZNS0_22gpu_kernel_impl_nocastINS0_15CUDAFunctor_addIfEEEEvRNS_18TensorIteratorBaseERKT_EUliE_EEviT1_",63.319898,63.319898,True
9,0,80,_ZN2at6native29vectorized_elementwise_kernelILi4ENS0_21CUDAFunctorOnSelf_addIlEENS_6detail5ArrayIPcLi2EEEEEviT0_T1_,"9,0,80,_ZN2at6native29vectorized_elementwise_kernelILi4ENS0_21CUDAFunctorOnSelf_addIlEENS_6detail5ArrayIPcLi2EEEEEviT0_T1_",0.736172,0.736172,True
9,1,81,_ZN5cudnn24bn_fw_tr_1C11_singlereadIfLi512ELb1ELi1ELi2ELi0EEEvNS_18bn_fw_tr_1C11_argsIT_EE,"9,1,81,_ZN5cudnn24bn_fw_tr_1C11_singlereadIfLi512ELb1ELi1ELi2ELi0EEEvNS_18bn_fw_tr_1C11_argsIT_EE",75.942042,75.942042,True
9,2,82,_ZN2at6native29vectorized_elementwise_kernelILi4EZZZNS0_49_GLOBAL__N__d2ba64fb_16_TensorCompare_cu_71e06f4e19launch_clamp_scalarERNS_18TensorIteratorBaseEN3c106ScalarES6_NS0_6detail11ClampLimitsEENKUlvE_clEvENKUlvE5_clEvEUlfE_NS_6detail5ArrayIPcLi2EEEEEviT0_T1_,"9,2,82,_ZN2at6native29vectorized_elementwise_kernelILi4EZZZNS0_49_GLOBAL__N__d2ba64fb_16_TensorCompare_cu_71e06f4e19launch_clamp_scalarERNS_18TensorIteratorBaseEN3c106ScalarES6_NS0_6detail11ClampLimitsEENKUlvE_clEvENKUlvE5_clEvEUlfE_NS_6detail5ArrayIPcLi2EEEEEviT0_T1_",44.017986,44.017986,True
9,3,83,_ZN5cudnn19engines_precompiled16nchwToNhwcKernelIfffLb0ELb1EL21cudnnKernelDataType_t2EEEvNS0_18nchw2nhwc_params_tIT1_EEPKT_PT0_,"9,3,83,_ZN5cudnn19engines_precompiled16nchwToNhwcKernelIfffLb0ELb1EL21cudnnKernelDataType_t2EEEvNS0_18nchw2nhwc_params_tIT1_EEPKT_PT0_",45.665032,45.665032,True
9,4,84,_ZN5cudnn19engines_precompiled16nchwToNhwcKernelIfffLb0ELb1EL21cudnnKernelDataType_t2EEEvNS0_18nchw2nhwc_params_tIT1_EEPKT_PT0_,"9,4,84,_ZN5cudnn19engines_precompiled16nchwToNhwcKernelIfffLb0ELb1EL21cudnnKernelDataType_t2EEEvNS0_18nchw2nhwc_params_tIT1_EEPKT_PT0_",92.973205,92.973205,True
9,5,85,sm86_xmma_fprop_implicit_gemm_indexed_tf32f32_tf32f32_f32_nhwckrsc_nhwc_tilesize128x64x32_stage4_warpsize2x2x1_g1_tensor16x8x8_execute_kernel__5x_cudnn,"9,5,85,sm86_xmma_fprop_implicit_gemm_indexed_tf32f32_tf32f32_f32_nhwckrsc_nhwc_tilesize128x64x32_stage4_warpsize2x2x1_g1_tensor16x8x8_execute_kernel__5x_cudnn",64.361691,64.361691,True
9,6,86,_ZN5cudnn19engines_precompiled16nhwcToNchwKernelIfffLb1ELb0EL21cudnnKernelDataType_t0EEEvNS0_18nhwc2nchw_params_tIT1_EEPKT_PT0_,"9,6,86,_ZN5cudnn19engines_precompiled16nhwcToNchwKernelIfffLb1ELb0EL21cudnnKernelDataType_t0EEEvNS0_18nhwc2nchw_params_tIT1_EEPKT_PT0_",54.695105,54.695105,True
9,7,87,_ZN2at6native18elementwise_kernelILi128ELi2EZNS0_22gpu_kernel_impl_nocastINS0_15CUDAFunctor_addIfEEEEvRNS_18TensorIteratorBaseERKT_EUliE_EEviT1_,"9,7,87,_ZN2at6native18elementwise_kernelILi128ELi2EZNS0_22gpu_kernel_impl_nocastINS0_15CUDAFunctor_addIfEEEEvRNS_18TensorIteratorBaseERKT_EUliE_EEviT1_",63.463912,63.463912,True
9,8,88,_ZN2at6native29vectorized_elementwise_kernelILi4ENS0_21CUDAFunctorOnSelf_addIlEENS_6detail5ArrayIPcLi2EEEEEviT0_T1_,"9,8,88,_ZN2at6native29vectorized_elementwise_kernelILi4ENS0_21CUDAFunctorOnSelf_addIlEENS_6detail5ArrayIPcLi2EEEEEviT0_T1_",0.550891,0.550891,True
9,9,89,_ZN5cudnn24bn_fw_tr_1C11_singlereadIfLi512ELb1ELi1ELi2ELi0EEEvNS_18bn_fw_tr_1C11_argsIT_EE,"9,9,89,_ZN5cudnn24bn_fw_tr_1C11_singlereadIfLi512ELb1ELi1ELi2ELi0EEEvNS_18bn_fw_tr_1C11_argsIT_EE",75.292028,75.292028,True
10,0,90,_ZN2at6native29vectorized_elementwise_kernelILi4EZZZNS0_49_GLOBAL__N__d2ba64fb_16_TensorCompare_cu_71e06f4e19launch_clamp_scalarERNS_18TensorIteratorBaseEN3c106ScalarES6_NS0_6detail11ClampLimitsEENKUlvE_clEvENKUlvE5_clEvEUlfE_NS_6detail5ArrayIPcLi2EEEEEviT0_T1_,"10,0,90,_ZN2at6native29vectorized_elementwise_kernelILi4EZZZNS0_49_GLOBAL__N__d2ba64fb_16_TensorCompare_cu_71e06f4e19launch_clamp_scalarERNS_18TensorIteratorBaseEN3c106ScalarES6_NS0_6detail11ClampLimitsEENKUlvE_clEvENKUlvE5_clEvEUlfE_NS_6detail5ArrayIPcLi2EEEEEviT0_T1_",60.193519,60.193519,True
10,1,91,_ZN5cudnn19engines_precompiled16nchwToNhwcKernelIfffLb0ELb1EL21cudnnKernelDataType_t2EEEvNS0_18nchw2nhwc_params_tIT1_EEPKT_PT0_,"10,1,91,_ZN5cudnn19engines_precompiled16nchwToNhwcKernelIfffLb0ELb1EL21cudnnKernelDataType_t2EEEvNS0_18nchw2nhwc_params_tIT1_EEPKT_PT0_",58.149713,58.149713,True
10,2,92,_ZN5cudnn19engines_precompiled16nchwToNhwcKernelIfffLb0ELb1EL21cudnnKernelDataType_t2EEEvNS0_18nchw2nhwc_params_tIT1_EEPKT_PT0_,"10,2,92,_ZN5cudnn19engines_precompiled16nchwToNhwcKernelIfffLb0ELb1EL21cudnnKernelDataType_t2EEEvNS0_18nchw2nhwc_params_tIT1_EEPKT_PT0_",90.921012,90.921012,True
10,3,93,sm86_xmma_fprop_implicit_gemm_indexed_tf32f32_tf32f32_f32_nhwckrsc_nhwc_tilesize128x64x32_stage4_warpsize2x2x1_g1_tensor16x8x8_execute_kernel__5x_cudnn,"10,3,93,sm86_xmma_fprop_implicit_gemm_indexed_tf32f32_tf32f32_f32_nhwckrsc_nhwc_tilesize128x64x32_stage4_warpsize2x2x1_g1_tensor16x8x8_execute_kernel__5x_cudnn",64.701375,64.701375,True
10,4,94,_ZN5cudnn19engines_precompiled16nhwcToNchwKernelIfffLb1ELb0EL21cudnnKernelDataType_t0EEEvNS0_18nhwc2nchw_params_tIT1_EEPKT_PT0_,"10,4,94,_ZN5cudnn19engines_precompiled16nhwcToNchwKernelIfffLb1ELb0EL21cudnnKernelDataType_t0EEEvNS0_18nhwc2nchw_params_tIT1_EEPKT_PT0_",48.525216,48.525216,True
10,5,95,_ZN2at6native18elementwise_kernelILi128ELi2EZNS0_22gpu_kernel_impl_nocastINS0_15CUDAFunctor_addIfEEEEvRNS_18TensorIteratorBaseERKT_EUliE_EEviT1_,"10,5,95,_ZN2at6native18elementwise_kernelILi128ELi2EZNS0_22gpu_kernel_impl_nocastINS0_15CUDAFunctor_addIfEEEEvRNS_18TensorIteratorBaseERKT_EUliE_EEviT1_",63.477712,63.477712,True
10,6,96,_ZN2at6native29vectorized_elementwise_kernelILi4ENS0_21CUDAFunctorOnSelf_addIlEENS_6detail5ArrayIPcLi2EEEEEviT0_T1_,"10,6,96,_ZN2at6native29vectorized_elementwise_kernelILi4ENS0_21CUDAFunctorOnSelf_addIlEENS_6detail5ArrayIPcLi2EEEEEviT0_T1_",0.557089,0.557089,True
10,7,97,_ZN5cudnn24bn_fw_tr_1C11_singlereadIfLi512ELb1ELi1ELi2ELi0EEEvNS_18bn_fw_tr_1C11_argsIT_EE,"10,7,97,_ZN5cudnn24bn_fw_tr_1C11_singlereadIfLi512ELb1ELi1ELi2ELi0EEEvNS_18bn_fw_tr_1C11_argsIT_EE",74.8586,74.8586,True
10,8,98,_ZN2at6native29vectorized_elementwise_kernelILi4EZZZNS0_49_GLOBAL__N__d2ba64fb_16_TensorCompare_cu_71e06f4e19launch_clamp_scalarERNS_18TensorIteratorBaseEN3c106ScalarES6_NS0_6detail11ClampLimitsEENKUlvE_clEvENKUlvE5_clEvEUlfE_NS_6detail5ArrayIPcLi2EEEEEviT0_T1_,"10,8,98,_ZN2at6native29vectorized_elementwise_kernelILi4EZZZNS0_49_GLOBAL__N__d2ba64fb_16_TensorCompare_cu_71e06f4e19launch_clamp_scalarERNS_18TensorIteratorBaseEN3c106ScalarES6_NS0_6detail11ClampLimitsEENKUlvE_clEvENKUlvE5_clEvEUlfE_NS_6detail5ArrayIPcLi2EEEEEviT0_T1_",53.266114,53.266114,True
10,9,99,_ZN2at6native52_GLOBAL__N__e57809e0_19_DilatedMaxPool2d_cu_6258b57421max_pool_forward_nchwIfEEviPKT_llliiiiiiiiiiPS3_Pl,"10,9,99,_ZN2at6native52_GLOBAL__N__e57809e0_19_DilatedMaxPool2d_cu_6258b57421max_pool_forward_nchwIfEEviPKT_llliiiiiiiiiiPS3_Pl",63.69936,63.69936,True
11,0,100,_ZN8internal5gemvx6kernelIiiffffLb0ELb1ELb1ELb0ELi7ELb0E16cublasGemvParamsI30cublasGemvTensorStridedBatchedIKfES5_S3_IfEfEEENSt9enable_ifIXntT5_EvE4typeET11_,"11,0,100,_ZN8internal5gemvx6kernelIiiffffLb0ELb1ELb1ELb0ELi7ELb0E16cublasGemvParamsI30cublasGemvTensorStridedBatchedIKfES5_S3_IfEfEEENSt9enable_ifIXntT5_EvE4typeET11_",98.679471,98.679471,True
11,1,101,_ZN2at6native43_GLOBAL__N__50f1b6c4_10_Dropout_cu_0e96ed3824fused_dropout_kernel_vecIffjLi1ELi4EbEEvNS_4cuda6detail10TensorInfoIKT_T1_EENS5_IS6_S8_EENS5_IT4_S8_EES8_T0_NS_15PhiloxCudaStateE,"11,1,101,_ZN2at6native43_GLOBAL__N__50f1b6c4_10_Dropout_cu_0e96ed3824fused_dropout_kernel_vecIffjLi1ELi4EbEEvNS_4cuda6detail10TensorInfoIKT_T1_EENS5_IS6_S8_EENS5_IT4_S8_EES8_T0_NS_15PhiloxCudaStateE",10.316541,10.316541,True
11,2,102,_Z17gemv2T_kernel_valIiiffffLi128ELi16ELi4ELi4ELb0ELb1E16cublasGemvParamsI30cublasGemvTensorStridedBatchedIKfES3_S1_IfEfEEvT11_T4_S7_,"11,2,102,_Z17gemv2T_kernel_valIiiffffLi128ELi16ELi4ELi4ELb0ELb1E16cublasGemvParamsI30cublasGemvTensorStridedBatchedIKfES3_S1_IfEfEEvT11_T4_S7_",97.762813,97.762813,True
11,3,103,_ZN2at6native43_GLOBAL__N__50f1b6c4_10_Dropout_cu_0e96ed3824fused_dropout_kernel_vecIffjLi1ELi4EbEEvNS_4cuda6detail10TensorInfoIKT_T1_EENS5_IS6_S8_EENS5_IT4_S8_EES8_T0_NS_15PhiloxCudaStateE,"11,3,103,_ZN2at6native43_GLOBAL__N__50f1b6c4_10_Dropout_cu_0e96ed3824fused_dropout_kernel_vecIffjLi1ELi4EbEEvNS_4cuda6detail10TensorInfoIKT_T1_EENS5_IS6_S8_EENS5_IT4_S8_EES8_T0_NS_15PhiloxCudaStateE",7.542065,7.542065,True
11,4,104,_ZN8internal5gemvx6kernelIiiffffLb0ELb1ELb1ELb0ELi7ELb0E16cublasGemvParamsI30cublasGemvTensorStridedBatchedIKfES5_S3_IfEfEEENSt9enable_ifIXntT5_EvE4typeET11_,"11,4,104,_ZN8internal5gemvx6kernelIiiffffLb0ELb1ELb1ELb0ELi7ELb0E16cublasGemvParamsI30cublasGemvTensorStridedBatchedIKfES5_S3_IfEfEEENSt9enable_ifIXntT5_EvE4typeET11_",94.993513,94.993513,True
