session_id,range_id,kernel,metric_name,value,ratio
1,0,_ZN14cask__5x_cudnn20computeOffsetsKernelILb0ELb0EEEvNS_20ComputeOffsetsParamsE,smsp__sass_thread_inst_executed_op_ffma_pred_on.sum,0.0,0.0000%
1,1,_5x_cudnn_ampere_scudnn_128x64_relu_medium_nn_v1,smsp__sass_thread_inst_executed_op_ffma_pred_on.sum,102760448.0,9.1826%
1,2,_ZN2at6native18elementwise_kernelILi128ELi2EZNS0_22gpu_kernel_impl_nocastINS0_15CUDAFunctor_addIfEEEEvRNS_18TensorIteratorBaseERKT_EUliE_EEviT1_,smsp__sass_thread_inst_executed_op_ffma_pred_on.sum,3211264.0,0.2870%
1,3,_ZN2at6native29vectorized_elementwise_kernelILi4ENS0_21CUDAFunctorOnSelf_addIlEENS_6detail5ArrayIPcLi2EEEEEviT0_T1_,smsp__sass_thread_inst_executed_op_ffma_pred_on.sum,0.0,0.0000%
1,4,_ZN5cudnn25bn_fw_tr_1C11_kernel_NCHWIffiLi512ELb1ELi1ELb1EEEv17cudnnTensorStructPKT_S1_PS2_PKT0_S8_S6_S6_PS6_S9_S9_S9_S6_S6_,smsp__sass_thread_inst_executed_op_ffma_pred_on.sum,9666880.0,0.8638%
1,5,_ZN2at6native29vectorized_elementwise_kernelILi4EZZZNS0_49_GLOBAL__N__d2ba64fb_16_TensorCompare_cu_71e06f4e19launch_clamp_scalarERNS_18TensorIteratorBaseEN3c106ScalarES6_NS0_6detail11ClampLimitsEENKUlvE_clEvENKUlvE5_clEvEUlfE_NS_6detail5ArrayIPcLi2EEEEEviT0_T1_,smsp__sass_thread_inst_executed_op_ffma_pred_on.sum,0.0,0.0000%
1,6,_ZN5cudnn8winograd27generateWinogradTilesKernelILi0EffEEvNS0_27GenerateWinogradTilesParamsIT0_T1_EE,smsp__sass_thread_inst_executed_op_ffma_pred_on.sum,98304.0,0.0088%
1,7,_5x_cudnn_ampere_scudnn_winograd_128x128_ldg1_ldg4_relu_tile148t_nt_v1,smsp__sass_thread_inst_executed_op_ffma_pred_on.sum,839745536.0,75.0392%
1,8,_ZN2at6native18elementwise_kernelILi128ELi2EZNS0_22gpu_kernel_impl_nocastINS0_15CUDAFunctor_addIfEEEEvRNS_18TensorIteratorBaseERKT_EUliE_EEviT1_,smsp__sass_thread_inst_executed_op_ffma_pred_on.sum,3211264.0,0.2870%
1,9,_ZN2at6native29vectorized_elementwise_kernelILi4ENS0_21CUDAFunctorOnSelf_addIlEENS_6detail5ArrayIPcLi2EEEEEviT0_T1_,smsp__sass_thread_inst_executed_op_ffma_pred_on.sum,0.0,0.0000%
1,0,_ZN14cask__5x_cudnn20computeOffsetsKernelILb0ELb0EEEvNS_20ComputeOffsetsParamsE,smsp__sass_thread_inst_executed_op_fadd_pred_on.sum,0.0,0.0000%
1,1,_5x_cudnn_ampere_scudnn_128x64_relu_medium_nn_v1,smsp__sass_thread_inst_executed_op_fadd_pred_on.sum,3211264.0,2.1974%
1,2,_ZN2at6native18elementwise_kernelILi128ELi2EZNS0_22gpu_kernel_impl_nocastINS0_15CUDAFunctor_addIfEEEEvRNS_18TensorIteratorBaseERKT_EUliE_EEviT1_,smsp__sass_thread_inst_executed_op_fadd_pred_on.sum,0.0,0.0000%
1,3,_ZN2at6native29vectorized_elementwise_kernelILi4ENS0_21CUDAFunctorOnSelf_addIlEENS_6detail5ArrayIPcLi2EEEEEviT0_T1_,smsp__sass_thread_inst_executed_op_fadd_pred_on.sum,,nan%
1,4,_ZN5cudnn25bn_fw_tr_1C11_kernel_NCHWIffiLi512ELb1ELi1ELb1EEEv17cudnnTensorStructPKT_S1_PS2_PKT0_S8_S6_S6_PS6_S9_S9_S9_S6_S6_,smsp__sass_thread_inst_executed_op_fadd_pred_on.sum,13226176.0,9.0503%
1,5,_ZN2at6native29vectorized_elementwise_kernelILi4EZZZNS0_49_GLOBAL__N__d2ba64fb_16_TensorCompare_cu_71e06f4e19launch_clamp_scalarERNS_18TensorIteratorBaseEN3c106ScalarES6_NS0_6detail11ClampLimitsEENKUlvE_clEvENKUlvE5_clEvEUlfE_NS_6detail5ArrayIPcLi2EEEEEviT0_T1_,smsp__sass_thread_inst_executed_op_fadd_pred_on.sum,0.0,0.0000%
1,6,_ZN5cudnn8winograd27generateWinogradTilesKernelILi0EffEEvNS0_27GenerateWinogradTilesParamsIT0_T1_EE,smsp__sass_thread_inst_executed_op_fadd_pred_on.sum,16384.0,0.0112%
1,7,_5x_cudnn_ampere_scudnn_winograd_128x128_ldg1_ldg4_relu_tile148t_nt_v1,smsp__sass_thread_inst_executed_op_fadd_pred_on.sum,62619648.0,42.8487%
1,8,_ZN2at6native18elementwise_kernelILi128ELi2EZNS0_22gpu_kernel_impl_nocastINS0_15CUDAFunctor_addIfEEEEvRNS_18TensorIteratorBaseERKT_EUliE_EEviT1_,smsp__sass_thread_inst_executed_op_fadd_pred_on.sum,0.0,0.0000%
1,9,_ZN2at6native29vectorized_elementwise_kernelILi4ENS0_21CUDAFunctorOnSelf_addIlEENS_6detail5ArrayIPcLi2EEEEEviT0_T1_,smsp__sass_thread_inst_executed_op_fadd_pred_on.sum,0.0,0.0000%
1,0,_ZN14cask__5x_cudnn20computeOffsetsKernelILb0ELb0EEEvNS_20ComputeOffsetsParamsE,smsp__sass_thread_inst_executed_op_fmul_pred_on.sum,0.0,0.0000%
1,1,_5x_cudnn_ampere_scudnn_128x64_relu_medium_nn_v1,smsp__sass_thread_inst_executed_op_fmul_pred_on.sum,3211264.0,4.4184%
1,2,_ZN2at6native18elementwise_kernelILi128ELi2EZNS0_22gpu_kernel_impl_nocastINS0_15CUDAFunctor_addIfEEEEvRNS_18TensorIteratorBaseERKT_EUliE_EEviT1_,smsp__sass_thread_inst_executed_op_fmul_pred_on.sum,0.0,0.0000%
1,3,_ZN2at6native29vectorized_elementwise_kernelILi4ENS0_21CUDAFunctorOnSelf_addIlEENS_6detail5ArrayIPcLi2EEEEEviT0_T1_,smsp__sass_thread_inst_executed_op_fmul_pred_on.sum,0.0,0.0000%
1,4,_ZN5cudnn25bn_fw_tr_1C11_kernel_NCHWIffiLi512ELb1ELi1ELb1EEEv17cudnnTensorStructPKT_S1_PS2_PKT0_S8_S6_S6_PS6_S9_S9_S9_S6_S6_,smsp__sass_thread_inst_executed_op_fmul_pred_on.sum,12058944.0,16.5919%
1,5,_ZN2at6native29vectorized_elementwise_kernelILi4EZZZNS0_49_GLOBAL__N__d2ba64fb_16_TensorCompare_cu_71e06f4e19launch_clamp_scalarERNS_18TensorIteratorBaseEN3c106ScalarES6_NS0_6detail11ClampLimitsEENKUlvE_clEvENKUlvE5_clEvEUlfE_NS_6detail5ArrayIPcLi2EEEEEviT0_T1_,smsp__sass_thread_inst_executed_op_fmul_pred_on.sum,0.0,0.0000%
1,6,_ZN5cudnn8winograd27generateWinogradTilesKernelILi0EffEEvNS0_27GenerateWinogradTilesParamsIT0_T1_EE,smsp__sass_thread_inst_executed_op_fmul_pred_on.sum,24576.0,0.0338%
1,7,_5x_cudnn_ampere_scudnn_winograd_128x128_ldg1_ldg4_relu_tile148t_nt_v1,smsp__sass_thread_inst_executed_op_fmul_pred_on.sum,0.0,0.0000%
1,8,_ZN2at6native18elementwise_kernelILi128ELi2EZNS0_22gpu_kernel_impl_nocastINS0_15CUDAFunctor_addIfEEEEvRNS_18TensorIteratorBaseERKT_EUliE_EEviT1_,smsp__sass_thread_inst_executed_op_fmul_pred_on.sum,0.0,0.0000%
1,9,_ZN2at6native29vectorized_elementwise_kernelILi4ENS0_21CUDAFunctorOnSelf_addIlEENS_6detail5ArrayIPcLi2EEEEEviT0_T1_,smsp__sass_thread_inst_executed_op_fmul_pred_on.sum,0.0,0.0000%
1,0,_ZN14cask__5x_cudnn20computeOffsetsKernelILb0ELb0EEEvNS_20ComputeOffsetsParamsE,smsp__sass_thread_inst_executed_op_fp32_pred_on.sum,0.0,0.0000%
1,1,_5x_cudnn_ampere_scudnn_128x64_relu_medium_nn_v1,smsp__sass_thread_inst_executed_op_fp32_pred_on.sum,122078208.0,8.2189%
1,2,_ZN2at6native18elementwise_kernelILi128ELi2EZNS0_22gpu_kernel_impl_nocastINS0_15CUDAFunctor_addIfEEEEvRNS_18TensorIteratorBaseERKT_EUliE_EEviT1_,smsp__sass_thread_inst_executed_op_fp32_pred_on.sum,3211264.0,0.2162%
1,3,_ZN2at6native29vectorized_elementwise_kernelILi4ENS0_21CUDAFunctorOnSelf_addIlEENS_6detail5ArrayIPcLi2EEEEEviT0_T1_,smsp__sass_thread_inst_executed_op_fp32_pred_on.sum,0.0,0.0000%
1,4,_ZN5cudnn25bn_fw_tr_1C11_kernel_NCHWIffiLi512ELb1ELi1ELb1EEEv17cudnnTensorStructPKT_S1_PS2_PKT0_S8_S6_S6_PS6_S9_S9_S9_S6_S6_,smsp__sass_thread_inst_executed_op_fp32_pred_on.sum,47011008.0,3.1650%
1,5,_ZN2at6native29vectorized_elementwise_kernelILi4EZZZNS0_49_GLOBAL__N__d2ba64fb_16_TensorCompare_cu_71e06f4e19launch_clamp_scalarERNS_18TensorIteratorBaseEN3c106ScalarES6_NS0_6detail11ClampLimitsEENKUlvE_clEvENKUlvE5_clEvEUlfE_NS_6detail5ArrayIPcLi2EEEEEviT0_T1_,smsp__sass_thread_inst_executed_op_fp32_pred_on.sum,9633792.0,0.6486%
1,6,_ZN5cudnn8winograd27generateWinogradTilesKernelILi0EffEEvNS0_27GenerateWinogradTilesParamsIT0_T1_EE,smsp__sass_thread_inst_executed_op_fp32_pred_on.sum,204800.0,0.0138%
1,7,_5x_cudnn_ampere_scudnn_winograd_128x128_ldg1_ldg4_relu_tile148t_nt_v1,smsp__sass_thread_inst_executed_op_fp32_pred_on.sum,915611648.0,61.6438%
1,8,_ZN2at6native18elementwise_kernelILi128ELi2EZNS0_22gpu_kernel_impl_nocastINS0_15CUDAFunctor_addIfEEEEvRNS_18TensorIteratorBaseERKT_EUliE_EEviT1_,smsp__sass_thread_inst_executed_op_fp32_pred_on.sum,3211264.0,0.2162%
1,9,_ZN2at6native29vectorized_elementwise_kernelILi4ENS0_21CUDAFunctorOnSelf_addIlEENS_6detail5ArrayIPcLi2EEEEEviT0_T1_,smsp__sass_thread_inst_executed_op_fp32_pred_on.sum,0.0,0.0000%
2,0,_ZN5cudnn25bn_fw_tr_1C11_kernel_NCHWIffiLi512ELb1ELi1ELb1EEEv17cudnnTensorStructPKT_S1_PS2_PKT0_S8_S6_S6_PS6_S9_S9_S9_S6_S6_,smsp__sass_thread_inst_executed_op_ffma_pred_on.sum,9666880.0,0.8638%
2,1,_ZN2at6native29vectorized_elementwise_kernelILi4EZZZNS0_49_GLOBAL__N__d2ba64fb_16_TensorCompare_cu_71e06f4e19launch_clamp_scalarERNS_18TensorIteratorBaseEN3c106ScalarES6_NS0_6detail11ClampLimitsEENKUlvE_clEvENKUlvE5_clEvEUlfE_NS_6detail5ArrayIPcLi2EEEEEviT0_T1_,smsp__sass_thread_inst_executed_op_ffma_pred_on.sum,0.0,0.0000%
2,2,_ZN2at6native52_GLOBAL__N__e57809e0_19_DilatedMaxPool2d_cu_6258b57421max_pool_forward_nchwIfEEviPKT_llliiiiiiiiiiPS3_Pl,smsp__sass_thread_inst_executed_op_ffma_pred_on.sum,0.0,0.0000%
2,3,_ZN5cudnn19engines_precompiled16nchwToNhwcKernelIfffLb0ELb1EL21cudnnKernelDataType_t2EEEvNS0_18nchw2nhwc_params_tIT1_EEPKT_PT0_,smsp__sass_thread_inst_executed_op_ffma_pred_on.sum,0.0,0.0000%
2,4,_ZN5cudnn19engines_precompiled16nchwToNhwcKernelIfffLb0ELb1EL21cudnnKernelDataType_t2EEEvNS0_18nchw2nhwc_params_tIT1_EEPKT_PT0_,smsp__sass_thread_inst_executed_op_ffma_pred_on.sum,0.0,0.0000%
2,5,_ZN2at6native18elementwise_kernelILi128ELi2EZNS0_22gpu_kernel_impl_nocastINS0_15CUDAFunctor_addIfEEEEvRNS_18TensorIteratorBaseERKT_EUliE_EEviT1_,smsp__sass_thread_inst_executed_op_ffma_pred_on.sum,0.0,0.0000%
2,6,_ZN2at6native29vectorized_elementwise_kernelILi4ENS0_21CUDAFunctorOnSelf_addIlEENS_6detail5ArrayIPcLi2EEEEEviT0_T1_,smsp__sass_thread_inst_executed_op_ffma_pred_on.sum,1605632.0,0.1435%
2,7,_ZN5cudnn25bn_fw_tr_1C11_kernel_NCHWIffiLi512ELb1ELi1ELb1EEEv17cudnnTensorStructPKT_S1_PS2_PKT0_S8_S6_S6_PS6_S9_S9_S9_S6_S6_,smsp__sass_thread_inst_executed_op_ffma_pred_on.sum,0.0,0.0000%
2,8,_ZN2at6native29vectorized_elementwise_kernelILi4EZZZNS0_49_GLOBAL__N__d2ba64fb_16_TensorCompare_cu_71e06f4e19launch_clamp_scalarERNS_18TensorIteratorBaseEN3c106ScalarES6_NS0_6detail11ClampLimitsEENKUlvE_clEvENKUlvE5_clEvEUlfE_NS_6detail5ArrayIPcLi2EEEEEviT0_T1_,smsp__sass_thread_inst_executed_op_ffma_pred_on.sum,4883072.0,0.4363%
2,9,_ZN5cudnn19engines_precompiled16nchwToNhwcKernelIfffLb0ELb1EL21cudnnKernelDataType_t2EEEvNS0_18nchw2nhwc_params_tIT1_EEPKT_PT0_,smsp__sass_thread_inst_executed_op_ffma_pred_on.sum,0.0,0.0000%
2,0,_ZN5cudnn25bn_fw_tr_1C11_kernel_NCHWIffiLi512ELb1ELi1ELb1EEEv17cudnnTensorStructPKT_S1_PS2_PKT0_S8_S6_S6_PS6_S9_S9_S9_S6_S6_,smsp__sass_thread_inst_executed_op_fadd_pred_on.sum,13226176.0,9.0503%
2,1,_ZN2at6native29vectorized_elementwise_kernelILi4EZZZNS0_49_GLOBAL__N__d2ba64fb_16_TensorCompare_cu_71e06f4e19launch_clamp_scalarERNS_18TensorIteratorBaseEN3c106ScalarES6_NS0_6detail11ClampLimitsEENKUlvE_clEvENKUlvE5_clEvEUlfE_NS_6detail5ArrayIPcLi2EEEEEviT0_T1_,smsp__sass_thread_inst_executed_op_fadd_pred_on.sum,0.0,0.0000%
2,2,_ZN2at6native52_GLOBAL__N__e57809e0_19_DilatedMaxPool2d_cu_6258b57421max_pool_forward_nchwIfEEviPKT_llliiiiiiiiiiPS3_Pl,smsp__sass_thread_inst_executed_op_fadd_pred_on.sum,0.0,0.0000%
2,3,_ZN5cudnn19engines_precompiled16nchwToNhwcKernelIfffLb0ELb1EL21cudnnKernelDataType_t2EEEvNS0_18nchw2nhwc_params_tIT1_EEPKT_PT0_,smsp__sass_thread_inst_executed_op_fadd_pred_on.sum,0.0,0.0000%
2,4,_ZN5cudnn19engines_precompiled16nchwToNhwcKernelIfffLb0ELb1EL21cudnnKernelDataType_t2EEEvNS0_18nchw2nhwc_params_tIT1_EEPKT_PT0_,smsp__sass_thread_inst_executed_op_fadd_pred_on.sum,0.0,0.0000%
2,5,_ZN2at6native18elementwise_kernelILi128ELi2EZNS0_22gpu_kernel_impl_nocastINS0_15CUDAFunctor_addIfEEEEvRNS_18TensorIteratorBaseERKT_EUliE_EEviT1_,smsp__sass_thread_inst_executed_op_fadd_pred_on.sum,1605632.0,1.0987%
2,6,_ZN2at6native29vectorized_elementwise_kernelILi4ENS0_21CUDAFunctorOnSelf_addIlEENS_6detail5ArrayIPcLi2EEEEEviT0_T1_,smsp__sass_thread_inst_executed_op_fadd_pred_on.sum,0.0,0.0000%
2,7,_ZN5cudnn25bn_fw_tr_1C11_kernel_NCHWIffiLi512ELb1ELi1ELb1EEEv17cudnnTensorStructPKT_S1_PS2_PKT0_S8_S6_S6_PS6_S9_S9_S9_S6_S6_,smsp__sass_thread_inst_executed_op_fadd_pred_on.sum,0.0,0.0000%
2,8,_ZN2at6native29vectorized_elementwise_kernelILi4EZZZNS0_49_GLOBAL__N__d2ba64fb_16_TensorCompare_cu_71e06f4e19launch_clamp_scalarERNS_18TensorIteratorBaseEN3c106ScalarES6_NS0_6detail11ClampLimitsEENKUlvE_clEvENKUlvE5_clEvEUlfE_NS_6detail5ArrayIPcLi2EEEEEviT0_T1_,smsp__sass_thread_inst_executed_op_fadd_pred_on.sum,7184768.0,4.9163%
2,9,_ZN5cudnn19engines_precompiled16nchwToNhwcKernelIfffLb0ELb1EL21cudnnKernelDataType_t2EEEvNS0_18nchw2nhwc_params_tIT1_EEPKT_PT0_,smsp__sass_thread_inst_executed_op_fadd_pred_on.sum,0.0,0.0000%
2,0,_ZN5cudnn25bn_fw_tr_1C11_kernel_NCHWIffiLi512ELb1ELi1ELb1EEEv17cudnnTensorStructPKT_S1_PS2_PKT0_S8_S6_S6_PS6_S9_S9_S9_S6_S6_,smsp__sass_thread_inst_executed_op_fmul_pred_on.sum,12058944.0,16.5919%
2,1,_ZN2at6native29vectorized_elementwise_kernelILi4EZZZNS0_49_GLOBAL__N__d2ba64fb_16_TensorCompare_cu_71e06f4e19launch_clamp_scalarERNS_18TensorIteratorBaseEN3c106ScalarES6_NS0_6detail11ClampLimitsEENKUlvE_clEvENKUlvE5_clEvEUlfE_NS_6detail5ArrayIPcLi2EEEEEviT0_T1_,smsp__sass_thread_inst_executed_op_fmul_pred_on.sum,0.0,0.0000%
2,2,_ZN2at6native52_GLOBAL__N__e57809e0_19_DilatedMaxPool2d_cu_6258b57421max_pool_forward_nchwIfEEviPKT_llliiiiiiiiiiPS3_Pl,smsp__sass_thread_inst_executed_op_fmul_pred_on.sum,0.0,0.0000%
2,3,_ZN5cudnn19engines_precompiled16nchwToNhwcKernelIfffLb0ELb1EL21cudnnKernelDataType_t2EEEvNS0_18nchw2nhwc_params_tIT1_EEPKT_PT0_,smsp__sass_thread_inst_executed_op_fmul_pred_on.sum,802816.0,1.1046%
2,4,_ZN5cudnn19engines_precompiled16nchwToNhwcKernelIfffLb0ELb1EL21cudnnKernelDataType_t2EEEvNS0_18nchw2nhwc_params_tIT1_EEPKT_PT0_,smsp__sass_thread_inst_executed_op_fmul_pred_on.sum,73728.0,0.1014%
2,5,_ZN2at6native18elementwise_kernelILi128ELi2EZNS0_22gpu_kernel_impl_nocastINS0_15CUDAFunctor_addIfEEEEvRNS_18TensorIteratorBaseERKT_EUliE_EEviT1_,smsp__sass_thread_inst_executed_op_fmul_pred_on.sum,1605632.0,2.2092%
2,6,_ZN2at6native29vectorized_elementwise_kernelILi4ENS0_21CUDAFunctorOnSelf_addIlEENS_6detail5ArrayIPcLi2EEEEEviT0_T1_,smsp__sass_thread_inst_executed_op_fmul_pred_on.sum,0.0,0.0000%
2,7,_ZN5cudnn25bn_fw_tr_1C11_kernel_NCHWIffiLi512ELb1ELi1ELb1EEEv17cudnnTensorStructPKT_S1_PS2_PKT0_S8_S6_S6_PS6_S9_S9_S9_S6_S6_,smsp__sass_thread_inst_executed_op_fmul_pred_on.sum,0.0,0.0000%
2,8,_ZN2at6native29vectorized_elementwise_kernelILi4EZZZNS0_49_GLOBAL__N__d2ba64fb_16_TensorCompare_cu_71e06f4e19launch_clamp_scalarERNS_18TensorIteratorBaseEN3c106ScalarES6_NS0_6detail11ClampLimitsEENKUlvE_clEvENKUlvE5_clEvEUlfE_NS_6detail5ArrayIPcLi2EEEEEviT0_T1_,smsp__sass_thread_inst_executed_op_fmul_pred_on.sum,6128256.0,8.4319%
2,9,_ZN5cudnn19engines_precompiled16nchwToNhwcKernelIfffLb0ELb1EL21cudnnKernelDataType_t2EEEvNS0_18nchw2nhwc_params_tIT1_EEPKT_PT0_,smsp__sass_thread_inst_executed_op_fmul_pred_on.sum,0.0,0.0000%
2,0,_ZN5cudnn25bn_fw_tr_1C11_kernel_NCHWIffiLi512ELb1ELi1ELb1EEEv17cudnnTensorStructPKT_S1_PS2_PKT0_S8_S6_S6_PS6_S9_S9_S9_S6_S6_,smsp__sass_thread_inst_executed_op_fp32_pred_on.sum,47011008.0,3.1650%
2,1,_ZN2at6native29vectorized_elementwise_kernelILi4EZZZNS0_49_GLOBAL__N__d2ba64fb_16_TensorCompare_cu_71e06f4e19launch_clamp_scalarERNS_18TensorIteratorBaseEN3c106ScalarES6_NS0_6detail11ClampLimitsEENKUlvE_clEvENKUlvE5_clEvEUlfE_NS_6detail5ArrayIPcLi2EEEEEviT0_T1_,smsp__sass_thread_inst_executed_op_fp32_pred_on.sum,9633792.0,0.6486%
2,2,_ZN2at6native52_GLOBAL__N__e57809e0_19_DilatedMaxPool2d_cu_6258b57421max_pool_forward_nchwIfEEviPKT_llliiiiiiiiiiPS3_Pl,smsp__sass_thread_inst_executed_op_fp32_pred_on.sum,10436608.0,0.7026%
2,3,_ZN5cudnn19engines_precompiled16nchwToNhwcKernelIfffLb0ELb1EL21cudnnKernelDataType_t2EEEvNS0_18nchw2nhwc_params_tIT1_EEPKT_PT0_,smsp__sass_thread_inst_executed_op_fp32_pred_on.sum,1605632.0,0.1081%
2,4,_ZN5cudnn19engines_precompiled16nchwToNhwcKernelIfffLb0ELb1EL21cudnnKernelDataType_t2EEEvNS0_18nchw2nhwc_params_tIT1_EEPKT_PT0_,smsp__sass_thread_inst_executed_op_fp32_pred_on.sum,147456.0,0.0099%
2,5,_ZN2at6native18elementwise_kernelILi128ELi2EZNS0_22gpu_kernel_impl_nocastINS0_15CUDAFunctor_addIfEEEEvRNS_18TensorIteratorBaseERKT_EUliE_EEviT1_,smsp__sass_thread_inst_executed_op_fp32_pred_on.sum,3223808.0,0.2170%
2,6,_ZN2at6native29vectorized_elementwise_kernelILi4ENS0_21CUDAFunctorOnSelf_addIlEENS_6detail5ArrayIPcLi2EEEEEviT0_T1_,smsp__sass_thread_inst_executed_op_fp32_pred_on.sum,1605632.0,0.1081%
2,7,_ZN5cudnn25bn_fw_tr_1C11_kernel_NCHWIffiLi512ELb1ELi1ELb1EEEv17cudnnTensorStructPKT_S1_PS2_PKT0_S8_S6_S6_PS6_S9_S9_S9_S6_S6_,smsp__sass_thread_inst_executed_op_fp32_pred_on.sum,0.0,0.0000%
2,8,_ZN2at6native29vectorized_elementwise_kernelILi4EZZZNS0_49_GLOBAL__N__d2ba64fb_16_TensorCompare_cu_71e06f4e19launch_clamp_scalarERNS_18TensorIteratorBaseEN3c106ScalarES6_NS0_6detail11ClampLimitsEENKUlvE_clEvENKUlvE5_clEvEUlfE_NS_6detail5ArrayIPcLi2EEEEEviT0_T1_,smsp__sass_thread_inst_executed_op_fp32_pred_on.sum,24324480.0,1.6377%
2,9,_ZN5cudnn19engines_precompiled16nchwToNhwcKernelIfffLb0ELb1EL21cudnnKernelDataType_t2EEEvNS0_18nchw2nhwc_params_tIT1_EEPKT_PT0_,smsp__sass_thread_inst_executed_op_fp32_pred_on.sum,4816896.0,0.3243%
3,0,_ZN5cudnn19engines_precompiled16nchwToNhwcKernelIfffLb0ELb1EL21cudnnKernelDataType_t2EEEvNS0_18nchw2nhwc_params_tIT1_EEPKT_PT0_,smsp__sass_thread_inst_executed_op_ffma_pred_on.sum,0.0,0.0000%
3,1,_ZN2at6native18elementwise_kernelILi128ELi2EZNS0_22gpu_kernel_impl_nocastINS0_15CUDAFunctor_addIfEEEEvRNS_18TensorIteratorBaseERKT_EUliE_EEviT1_,smsp__sass_thread_inst_executed_op_ffma_pred_on.sum,0.0,0.0000%
3,2,_ZN2at6native29vectorized_elementwise_kernelILi4ENS0_21CUDAFunctorOnSelf_addIlEENS_6detail5ArrayIPcLi2EEEEEviT0_T1_,smsp__sass_thread_inst_executed_op_ffma_pred_on.sum,1605632.0,0.1435%
3,3,_ZN5cudnn25bn_fw_tr_1C11_kernel_NCHWIffiLi512ELb1ELi1ELb1EEEv17cudnnTensorStructPKT_S1_PS2_PKT0_S8_S6_S6_PS6_S9_S9_S9_S6_S6_,smsp__sass_thread_inst_executed_op_ffma_pred_on.sum,0.0,0.0000%
3,4,_ZN2at6native29vectorized_elementwise_kernelILi4EZZZNS0_49_GLOBAL__N__d2ba64fb_16_TensorCompare_cu_71e06f4e19launch_clamp_scalarERNS_18TensorIteratorBaseEN3c106ScalarES6_NS0_6detail11ClampLimitsEENKUlvE_clEvENKUlvE5_clEvEUlfE_NS_6detail5ArrayIPcLi2EEEEEviT0_T1_,smsp__sass_thread_inst_executed_op_ffma_pred_on.sum,4883072.0,0.4363%
3,5,_ZN2at6native52_GLOBAL__N__e57809e0_19_DilatedMaxPool2d_cu_6258b57421max_pool_forward_nchwIfEEviPKT_llliiiiiiiiiiPS3_Pl,smsp__sass_thread_inst_executed_op_ffma_pred_on.sum,0.0,0.0000%
3,6,_ZN5cudnn19engines_precompiled16nchwToNhwcKernelIfffLb0ELb1EL21cudnnKernelDataType_t2EEEvNS0_18nchw2nhwc_params_tIT1_EEPKT_PT0_,smsp__sass_thread_inst_executed_op_ffma_pred_on.sum,0.0,0.0000%
3,7,_ZN5cudnn19engines_precompiled16nchwToNhwcKernelIfffLb0ELb1EL21cudnnKernelDataType_t2EEEvNS0_18nchw2nhwc_params_tIT1_EEPKT_PT0_,smsp__sass_thread_inst_executed_op_ffma_pred_on.sum,0.0,0.0000%
3,8,_ZN2at6native18elementwise_kernelILi128ELi2EZNS0_22gpu_kernel_impl_nocastINS0_15CUDAFunctor_addIfEEEEvRNS_18TensorIteratorBaseERKT_EUliE_EEviT1_,smsp__sass_thread_inst_executed_op_ffma_pred_on.sum,0.0,0.0000%
3,9,_ZN2at6native29vectorized_elementwise_kernelILi4ENS0_21CUDAFunctorOnSelf_addIlEENS_6detail5ArrayIPcLi2EEEEEviT0_T1_,smsp__sass_thread_inst_executed_op_ffma_pred_on.sum,0.0,0.0000%
3,0,_ZN5cudnn19engines_precompiled16nchwToNhwcKernelIfffLb0ELb1EL21cudnnKernelDataType_t2EEEvNS0_18nchw2nhwc_params_tIT1_EEPKT_PT0_,smsp__sass_thread_inst_executed_op_fadd_pred_on.sum,0.0,0.0000%
3,1,_ZN2at6native18elementwise_kernelILi128ELi2EZNS0_22gpu_kernel_impl_nocastINS0_15CUDAFunctor_addIfEEEEvRNS_18TensorIteratorBaseERKT_EUliE_EEviT1_,smsp__sass_thread_inst_executed_op_fadd_pred_on.sum,3211264.0,2.1974%
3,2,_ZN2at6native29vectorized_elementwise_kernelILi4ENS0_21CUDAFunctorOnSelf_addIlEENS_6detail5ArrayIPcLi2EEEEEviT0_T1_,smsp__sass_thread_inst_executed_op_fadd_pred_on.sum,0.0,0.0000%
3,3,_ZN5cudnn25bn_fw_tr_1C11_kernel_NCHWIffiLi512ELb1ELi1ELb1EEEv17cudnnTensorStructPKT_S1_PS2_PKT0_S8_S6_S6_PS6_S9_S9_S9_S6_S6_,smsp__sass_thread_inst_executed_op_fadd_pred_on.sum,0.0,0.0000%
3,4,_ZN2at6native29vectorized_elementwise_kernelILi4EZZZNS0_49_GLOBAL__N__d2ba64fb_16_TensorCompare_cu_71e06f4e19launch_clamp_scalarERNS_18TensorIteratorBaseEN3c106ScalarES6_NS0_6detail11ClampLimitsEENKUlvE_clEvENKUlvE5_clEvEUlfE_NS_6detail5ArrayIPcLi2EEEEEviT0_T1_,smsp__sass_thread_inst_executed_op_fadd_pred_on.sum,7184768.0,4.9163%
3,5,_ZN2at6native52_GLOBAL__N__e57809e0_19_DilatedMaxPool2d_cu_6258b57421max_pool_forward_nchwIfEEviPKT_llliiiiiiiiiiPS3_Pl,smsp__sass_thread_inst_executed_op_fadd_pred_on.sum,0.0,0.0000%
3,6,_ZN5cudnn19engines_precompiled16nchwToNhwcKernelIfffLb0ELb1EL21cudnnKernelDataType_t2EEEvNS0_18nchw2nhwc_params_tIT1_EEPKT_PT0_,smsp__sass_thread_inst_executed_op_fadd_pred_on.sum,0.0,0.0000%
3,7,_ZN5cudnn19engines_precompiled16nchwToNhwcKernelIfffLb0ELb1EL21cudnnKernelDataType_t2EEEvNS0_18nchw2nhwc_params_tIT1_EEPKT_PT0_,smsp__sass_thread_inst_executed_op_fadd_pred_on.sum,0.0,0.0000%
3,8,_ZN2at6native18elementwise_kernelILi128ELi2EZNS0_22gpu_kernel_impl_nocastINS0_15CUDAFunctor_addIfEEEEvRNS_18TensorIteratorBaseERKT_EUliE_EEviT1_,smsp__sass_thread_inst_executed_op_fadd_pred_on.sum,0.0,0.0000%
3,9,_ZN2at6native29vectorized_elementwise_kernelILi4ENS0_21CUDAFunctorOnSelf_addIlEENS_6detail5ArrayIPcLi2EEEEEviT0_T1_,smsp__sass_thread_inst_executed_op_fadd_pred_on.sum,819200.0,0.5606%
3,0,_ZN5cudnn19engines_precompiled16nchwToNhwcKernelIfffLb0ELb1EL21cudnnKernelDataType_t2EEEvNS0_18nchw2nhwc_params_tIT1_EEPKT_PT0_,smsp__sass_thread_inst_executed_op_fmul_pred_on.sum,147456.0,0.2029%
3,1,_ZN2at6native18elementwise_kernelILi128ELi2EZNS0_22gpu_kernel_impl_nocastINS0_15CUDAFunctor_addIfEEEEvRNS_18TensorIteratorBaseERKT_EUliE_EEviT1_,smsp__sass_thread_inst_executed_op_fmul_pred_on.sum,1605632.0,2.2092%
3,2,_ZN2at6native29vectorized_elementwise_kernelILi4ENS0_21CUDAFunctorOnSelf_addIlEENS_6detail5ArrayIPcLi2EEEEEviT0_T1_,smsp__sass_thread_inst_executed_op_fmul_pred_on.sum,0.0,0.0000%
3,3,_ZN5cudnn25bn_fw_tr_1C11_kernel_NCHWIffiLi512ELb1ELi1ELb1EEEv17cudnnTensorStructPKT_S1_PS2_PKT0_S8_S6_S6_PS6_S9_S9_S9_S6_S6_,smsp__sass_thread_inst_executed_op_fmul_pred_on.sum,0.0,0.0000%
3,4,_ZN2at6native29vectorized_elementwise_kernelILi4EZZZNS0_49_GLOBAL__N__d2ba64fb_16_TensorCompare_cu_71e06f4e19launch_clamp_scalarERNS_18TensorIteratorBaseEN3c106ScalarES6_NS0_6detail11ClampLimitsEENKUlvE_clEvENKUlvE5_clEvEUlfE_NS_6detail5ArrayIPcLi2EEEEEviT0_T1_,smsp__sass_thread_inst_executed_op_fmul_pred_on.sum,6128256.0,8.4319%
3,5,_ZN2at6native52_GLOBAL__N__e57809e0_19_DilatedMaxPool2d_cu_6258b57421max_pool_forward_nchwIfEEviPKT_llliiiiiiiiiiPS3_Pl,smsp__sass_thread_inst_executed_op_fmul_pred_on.sum,0.0,0.0000%
3,6,_ZN5cudnn19engines_precompiled16nchwToNhwcKernelIfffLb0ELb1EL21cudnnKernelDataType_t2EEEvNS0_18nchw2nhwc_params_tIT1_EEPKT_PT0_,smsp__sass_thread_inst_executed_op_fmul_pred_on.sum,0.0,0.0000%
3,7,_ZN5cudnn19engines_precompiled16nchwToNhwcKernelIfffLb0ELb1EL21cudnnKernelDataType_t2EEEvNS0_18nchw2nhwc_params_tIT1_EEPKT_PT0_,smsp__sass_thread_inst_executed_op_fmul_pred_on.sum,401408.0,0.5523%
3,8,_ZN2at6native18elementwise_kernelILi128ELi2EZNS0_22gpu_kernel_impl_nocastINS0_15CUDAFunctor_addIfEEEEvRNS_18TensorIteratorBaseERKT_EUliE_EEviT1_,smsp__sass_thread_inst_executed_op_fmul_pred_on.sum,294912.0,0.4058%
3,9,_ZN2at6native29vectorized_elementwise_kernelILi4ENS0_21CUDAFunctorOnSelf_addIlEENS_6detail5ArrayIPcLi2EEEEEviT0_T1_,smsp__sass_thread_inst_executed_op_fmul_pred_on.sum,819200.0,1.1271%
3,0,_ZN5cudnn19engines_precompiled16nchwToNhwcKernelIfffLb0ELb1EL21cudnnKernelDataType_t2EEEvNS0_18nchw2nhwc_params_tIT1_EEPKT_PT0_,smsp__sass_thread_inst_executed_op_fp32_pred_on.sum,294912.0,0.0199%
3,1,_ZN2at6native18elementwise_kernelILi128ELi2EZNS0_22gpu_kernel_impl_nocastINS0_15CUDAFunctor_addIfEEEEvRNS_18TensorIteratorBaseERKT_EUliE_EEviT1_,smsp__sass_thread_inst_executed_op_fp32_pred_on.sum,4854528.0,0.3268%
3,2,_ZN2at6native29vectorized_elementwise_kernelILi4ENS0_21CUDAFunctorOnSelf_addIlEENS_6detail5ArrayIPcLi2EEEEEviT0_T1_,smsp__sass_thread_inst_executed_op_fp32_pred_on.sum,1605632.0,0.1081%
3,3,_ZN5cudnn25bn_fw_tr_1C11_kernel_NCHWIffiLi512ELb1ELi1ELb1EEEv17cudnnTensorStructPKT_S1_PS2_PKT0_S8_S6_S6_PS6_S9_S9_S9_S6_S6_,smsp__sass_thread_inst_executed_op_fp32_pred_on.sum,0.0,0.0000%
3,4,_ZN2at6native29vectorized_elementwise_kernelILi4EZZZNS0_49_GLOBAL__N__d2ba64fb_16_TensorCompare_cu_71e06f4e19launch_clamp_scalarERNS_18TensorIteratorBaseEN3c106ScalarES6_NS0_6detail11ClampLimitsEENKUlvE_clEvENKUlvE5_clEvEUlfE_NS_6detail5ArrayIPcLi2EEEEEviT0_T1_,smsp__sass_thread_inst_executed_op_fp32_pred_on.sum,24324480.0,1.6377%
3,5,_ZN2at6native52_GLOBAL__N__e57809e0_19_DilatedMaxPool2d_cu_6258b57421max_pool_forward_nchwIfEEviPKT_llliiiiiiiiiiPS3_Pl,smsp__sass_thread_inst_executed_op_fp32_pred_on.sum,4816896.0,0.3243%
3,6,_ZN5cudnn19engines_precompiled16nchwToNhwcKernelIfffLb0ELb1EL21cudnnKernelDataType_t2EEEvNS0_18nchw2nhwc_params_tIT1_EEPKT_PT0_,smsp__sass_thread_inst_executed_op_fp32_pred_on.sum,5218304.0,0.3513%
3,7,_ZN5cudnn19engines_precompiled16nchwToNhwcKernelIfffLb0ELb1EL21cudnnKernelDataType_t2EEEvNS0_18nchw2nhwc_params_tIT1_EEPKT_PT0_,smsp__sass_thread_inst_executed_op_fp32_pred_on.sum,802816.0,0.0540%
3,8,_ZN2at6native18elementwise_kernelILi128ELi2EZNS0_22gpu_kernel_impl_nocastINS0_15CUDAFunctor_addIfEEEEvRNS_18TensorIteratorBaseERKT_EUliE_EEviT1_,smsp__sass_thread_inst_executed_op_fp32_pred_on.sum,589824.0,0.0397%
3,9,_ZN2at6native29vectorized_elementwise_kernelILi4ENS0_21CUDAFunctorOnSelf_addIlEENS_6detail5ArrayIPcLi2EEEEEviT0_T1_,smsp__sass_thread_inst_executed_op_fp32_pred_on.sum,1644800.0,0.1107%
4,0,_ZN5cudnn24bn_fw_tr_1C11_singlereadIfLi512ELb1ELi1ELi2ELi0EEEvNS_18bn_fw_tr_1C11_argsIT_EE,smsp__sass_thread_inst_executed_op_ffma_pred_on.sum,1737216.0,0.1552%
4,1,_ZN2at6native29vectorized_elementwise_kernelILi4EZZZNS0_49_GLOBAL__N__d2ba64fb_16_TensorCompare_cu_71e06f4e19launch_clamp_scalarERNS_18TensorIteratorBaseEN3c106ScalarES6_NS0_6detail11ClampLimitsEENKUlvE_clEvENKUlvE5_clEvEUlfE_NS_6detail5ArrayIPcLi2EEEEEviT0_T1_,smsp__sass_thread_inst_executed_op_ffma_pred_on.sum,0.0,0.0000%
4,2,_ZN5cudnn19engines_precompiled16nchwToNhwcKernelIfffLb0ELb1EL21cudnnKernelDataType_t2EEEvNS0_18nchw2nhwc_params_tIT1_EEPKT_PT0_,smsp__sass_thread_inst_executed_op_ffma_pred_on.sum,0.0,0.0000%
4,3,_ZN5cudnn19engines_precompiled16nchwToNhwcKernelIfffLb0ELb1EL21cudnnKernelDataType_t2EEEvNS0_18nchw2nhwc_params_tIT1_EEPKT_PT0_,smsp__sass_thread_inst_executed_op_ffma_pred_on.sum,0.0,0.0000%
4,4,_ZN2at6native18elementwise_kernelILi128ELi2EZNS0_22gpu_kernel_impl_nocastINS0_15CUDAFunctor_addIfEEEEvRNS_18TensorIteratorBaseERKT_EUliE_EEviT1_,smsp__sass_thread_inst_executed_op_ffma_pred_on.sum,0.0,0.0000%
4,5,_ZN2at6native29vectorized_elementwise_kernelILi4ENS0_21CUDAFunctorOnSelf_addIlEENS_6detail5ArrayIPcLi2EEEEEviT0_T1_,smsp__sass_thread_inst_executed_op_ffma_pred_on.sum,802816.0,0.0717%
4,6,_ZN5cudnn24bn_fw_tr_1C11_singlereadIfLi512ELb1ELi1ELi2ELi0EEEvNS_18bn_fw_tr_1C11_argsIT_EE,smsp__sass_thread_inst_executed_op_ffma_pred_on.sum,0.0,0.0000%
4,7,_ZN2at6native29vectorized_elementwise_kernelILi4EZZZNS0_49_GLOBAL__N__d2ba64fb_16_TensorCompare_cu_71e06f4e19launch_clamp_scalarERNS_18TensorIteratorBaseEN3c106ScalarES6_NS0_6detail11ClampLimitsEENKUlvE_clEvENKUlvE5_clEvEUlfE_NS_6detail5ArrayIPcLi2EEEEEviT0_T1_,smsp__sass_thread_inst_executed_op_ffma_pred_on.sum,1737216.0,0.1552%
4,8,_ZN5cudnn19engines_precompiled16nchwToNhwcKernelIfffLb0ELb1EL21cudnnKernelDataType_t2EEEvNS0_18nchw2nhwc_params_tIT1_EEPKT_PT0_,smsp__sass_thread_inst_executed_op_ffma_pred_on.sum,0.0,0.0000%
4,9,_ZN5cudnn19engines_precompiled16nchwToNhwcKernelIfffLb0ELb1EL21cudnnKernelDataType_t2EEEvNS0_18nchw2nhwc_params_tIT1_EEPKT_PT0_,smsp__sass_thread_inst_executed_op_ffma_pred_on.sum,0.0,0.0000%
4,0,_ZN5cudnn24bn_fw_tr_1C11_singlereadIfLi512ELb1ELi1ELi2ELi0EEEvNS_18bn_fw_tr_1C11_argsIT_EE,smsp__sass_thread_inst_executed_op_fadd_pred_on.sum,2999040.0,2.0522%
4,1,_ZN2at6native29vectorized_elementwise_kernelILi4EZZZNS0_49_GLOBAL__N__d2ba64fb_16_TensorCompare_cu_71e06f4e19launch_clamp_scalarERNS_18TensorIteratorBaseEN3c106ScalarES6_NS0_6detail11ClampLimitsEENKUlvE_clEvENKUlvE5_clEvEUlfE_NS_6detail5ArrayIPcLi2EEEEEviT0_T1_,smsp__sass_thread_inst_executed_op_fadd_pred_on.sum,0.0,0.0000%
4,2,_ZN5cudnn19engines_precompiled16nchwToNhwcKernelIfffLb0ELb1EL21cudnnKernelDataType_t2EEEvNS0_18nchw2nhwc_params_tIT1_EEPKT_PT0_,smsp__sass_thread_inst_executed_op_fadd_pred_on.sum,0.0,0.0000%
4,3,_ZN5cudnn19engines_precompiled16nchwToNhwcKernelIfffLb0ELb1EL21cudnnKernelDataType_t2EEEvNS0_18nchw2nhwc_params_tIT1_EEPKT_PT0_,smsp__sass_thread_inst_executed_op_fadd_pred_on.sum,0.0,0.0000%
4,4,_ZN2at6native18elementwise_kernelILi128ELi2EZNS0_22gpu_kernel_impl_nocastINS0_15CUDAFunctor_addIfEEEEvRNS_18TensorIteratorBaseERKT_EUliE_EEviT1_,smsp__sass_thread_inst_executed_op_fadd_pred_on.sum,6553600.0,4.4844%
4,5,_ZN2at6native29vectorized_elementwise_kernelILi4ENS0_21CUDAFunctorOnSelf_addIlEENS_6detail5ArrayIPcLi2EEEEEviT0_T1_,smsp__sass_thread_inst_executed_op_fadd_pred_on.sum,0.0,0.0000%
4,6,_ZN5cudnn24bn_fw_tr_1C11_singlereadIfLi512ELb1ELi1ELi2ELi0EEEvNS_18bn_fw_tr_1C11_argsIT_EE,smsp__sass_thread_inst_executed_op_fadd_pred_on.sum,0.0,0.0000%
4,7,_ZN2at6native29vectorized_elementwise_kernelILi4EZZZNS0_49_GLOBAL__N__d2ba64fb_16_TensorCompare_cu_71e06f4e19launch_clamp_scalarERNS_18TensorIteratorBaseEN3c106ScalarES6_NS0_6detail11ClampLimitsEENKUlvE_clEvENKUlvE5_clEvEUlfE_NS_6detail5ArrayIPcLi2EEEEEviT0_T1_,smsp__sass_thread_inst_executed_op_fadd_pred_on.sum,2999040.0,2.0522%
4,8,_ZN5cudnn19engines_precompiled16nchwToNhwcKernelIfffLb0ELb1EL21cudnnKernelDataType_t2EEEvNS0_18nchw2nhwc_params_tIT1_EEPKT_PT0_,smsp__sass_thread_inst_executed_op_fadd_pred_on.sum,0.0,0.0000%
4,9,_ZN5cudnn19engines_precompiled16nchwToNhwcKernelIfffLb0ELb1EL21cudnnKernelDataType_t2EEEvNS0_18nchw2nhwc_params_tIT1_EEPKT_PT0_,smsp__sass_thread_inst_executed_op_fadd_pred_on.sum,0.0,0.0000%
4,0,_ZN5cudnn24bn_fw_tr_1C11_singlereadIfLi512ELb1ELi1ELi2ELi0EEEvNS_18bn_fw_tr_1C11_argsIT_EE,smsp__sass_thread_inst_executed_op_fmul_pred_on.sum,394496.0,0.5428%
4,1,_ZN2at6native29vectorized_elementwise_kernelILi4EZZZNS0_49_GLOBAL__N__d2ba64fb_16_TensorCompare_cu_71e06f4e19launch_clamp_scalarERNS_18TensorIteratorBaseEN3c106ScalarES6_NS0_6detail11ClampLimitsEENKUlvE_clEvENKUlvE5_clEvEUlfE_NS_6detail5ArrayIPcLi2EEEEEviT0_T1_,smsp__sass_thread_inst_executed_op_fmul_pred_on.sum,0.0,0.0000%
4,2,_ZN5cudnn19engines_precompiled16nchwToNhwcKernelIfffLb0ELb1EL21cudnnKernelDataType_t2EEEvNS0_18nchw2nhwc_params_tIT1_EEPKT_PT0_,smsp__sass_thread_inst_executed_op_fmul_pred_on.sum,802816.0,1.1046%
4,3,_ZN5cudnn19engines_precompiled16nchwToNhwcKernelIfffLb0ELb1EL21cudnnKernelDataType_t2EEEvNS0_18nchw2nhwc_params_tIT1_EEPKT_PT0_,smsp__sass_thread_inst_executed_op_fmul_pred_on.sum,589824.0,0.8115%
4,4,_ZN2at6native18elementwise_kernelILi128ELi2EZNS0_22gpu_kernel_impl_nocastINS0_15CUDAFunctor_addIfEEEEvRNS_18TensorIteratorBaseERKT_EUliE_EEviT1_,smsp__sass_thread_inst_executed_op_fmul_pred_on.sum,819200.0,1.1271%
4,5,_ZN2at6native29vectorized_elementwise_kernelILi4ENS0_21CUDAFunctorOnSelf_addIlEENS_6detail5ArrayIPcLi2EEEEEviT0_T1_,smsp__sass_thread_inst_executed_op_fmul_pred_on.sum,0.0,0.0000%
4,6,_ZN5cudnn24bn_fw_tr_1C11_singlereadIfLi512ELb1ELi1ELi2ELi0EEEvNS_18bn_fw_tr_1C11_argsIT_EE,smsp__sass_thread_inst_executed_op_fmul_pred_on.sum,0.0,0.0000%
4,7,_ZN2at6native29vectorized_elementwise_kernelILi4EZZZNS0_49_GLOBAL__N__d2ba64fb_16_TensorCompare_cu_71e06f4e19launch_clamp_scalarERNS_18TensorIteratorBaseEN3c106ScalarES6_NS0_6detail11ClampLimitsEENKUlvE_clEvENKUlvE5_clEvEUlfE_NS_6detail5ArrayIPcLi2EEEEEviT0_T1_,smsp__sass_thread_inst_executed_op_fmul_pred_on.sum,394496.0,0.5428%
4,8,_ZN5cudnn19engines_precompiled16nchwToNhwcKernelIfffLb0ELb1EL21cudnnKernelDataType_t2EEEvNS0_18nchw2nhwc_params_tIT1_EEPKT_PT0_,smsp__sass_thread_inst_executed_op_fmul_pred_on.sum,0.0,0.0000%
4,9,_ZN5cudnn19engines_precompiled16nchwToNhwcKernelIfffLb0ELb1EL21cudnnKernelDataType_t2EEEvNS0_18nchw2nhwc_params_tIT1_EEPKT_PT0_,smsp__sass_thread_inst_executed_op_fmul_pred_on.sum,802816.0,1.1046%
4,0,_ZN5cudnn24bn_fw_tr_1C11_singlereadIfLi512ELb1ELi1ELi2ELi0EEEvNS_18bn_fw_tr_1C11_argsIT_EE,smsp__sass_thread_inst_executed_op_fp32_pred_on.sum,5524480.0,0.3719%
4,1,_ZN2at6native29vectorized_elementwise_kernelILi4EZZZNS0_49_GLOBAL__N__d2ba64fb_16_TensorCompare_cu_71e06f4e19launch_clamp_scalarERNS_18TensorIteratorBaseEN3c106ScalarES6_NS0_6detail11ClampLimitsEENKUlvE_clEvENKUlvE5_clEvEUlfE_NS_6detail5ArrayIPcLi2EEEEEviT0_T1_,smsp__sass_thread_inst_executed_op_fp32_pred_on.sum,2408448.0,0.1621%
4,2,_ZN5cudnn19engines_precompiled16nchwToNhwcKernelIfffLb0ELb1EL21cudnnKernelDataType_t2EEEvNS0_18nchw2nhwc_params_tIT1_EEPKT_PT0_,smsp__sass_thread_inst_executed_op_fp32_pred_on.sum,1605632.0,0.1081%
4,3,_ZN5cudnn19engines_precompiled16nchwToNhwcKernelIfffLb0ELb1EL21cudnnKernelDataType_t2EEEvNS0_18nchw2nhwc_params_tIT1_EEPKT_PT0_,smsp__sass_thread_inst_executed_op_fp32_pred_on.sum,1179648.0,0.0794%
4,4,_ZN2at6native18elementwise_kernelILi128ELi2EZNS0_22gpu_kernel_impl_nocastINS0_15CUDAFunctor_addIfEEEEvRNS_18TensorIteratorBaseERKT_EUliE_EEviT1_,smsp__sass_thread_inst_executed_op_fp32_pred_on.sum,7468800.0,0.5028%
4,5,_ZN2at6native29vectorized_elementwise_kernelILi4ENS0_21CUDAFunctorOnSelf_addIlEENS_6detail5ArrayIPcLi2EEEEEviT0_T1_,smsp__sass_thread_inst_executed_op_fp32_pred_on.sum,802816.0,0.0540%
4,6,_ZN5cudnn24bn_fw_tr_1C11_singlereadIfLi512ELb1ELi1ELi2ELi0EEEvNS_18bn_fw_tr_1C11_argsIT_EE,smsp__sass_thread_inst_executed_op_fp32_pred_on.sum,0.0,0.0000%
4,7,_ZN2at6native29vectorized_elementwise_kernelILi4EZZZNS0_49_GLOBAL__N__d2ba64fb_16_TensorCompare_cu_71e06f4e19launch_clamp_scalarERNS_18TensorIteratorBaseEN3c106ScalarES6_NS0_6detail11ClampLimitsEENKUlvE_clEvENKUlvE5_clEvEUlfE_NS_6detail5ArrayIPcLi2EEEEEviT0_T1_,smsp__sass_thread_inst_executed_op_fp32_pred_on.sum,5524480.0,0.3719%
4,8,_ZN5cudnn19engines_precompiled16nchwToNhwcKernelIfffLb0ELb1EL21cudnnKernelDataType_t2EEEvNS0_18nchw2nhwc_params_tIT1_EEPKT_PT0_,smsp__sass_thread_inst_executed_op_fp32_pred_on.sum,2408448.0,0.1621%
4,9,_ZN5cudnn19engines_precompiled16nchwToNhwcKernelIfffLb0ELb1EL21cudnnKernelDataType_t2EEEvNS0_18nchw2nhwc_params_tIT1_EEPKT_PT0_,smsp__sass_thread_inst_executed_op_fp32_pred_on.sum,1605632.0,0.1081%
5,0,_ZN2at6native18elementwise_kernelILi128ELi2EZNS0_22gpu_kernel_impl_nocastINS0_15CUDAFunctor_addIfEEEEvRNS_18TensorIteratorBaseERKT_EUliE_EEviT1_,smsp__sass_thread_inst_executed_op_ffma_pred_on.sum,802816.0,0.0717%
5,1,_ZN2at6native29vectorized_elementwise_kernelILi4ENS0_21CUDAFunctorOnSelf_addIlEENS_6detail5ArrayIPcLi2EEEEEviT0_T1_,smsp__sass_thread_inst_executed_op_ffma_pred_on.sum,0.0,0.0000%
5,2,_ZN5cudnn24bn_fw_tr_1C11_singlereadIfLi512ELb1ELi1ELi2ELi0EEEvNS_18bn_fw_tr_1C11_argsIT_EE,smsp__sass_thread_inst_executed_op_ffma_pred_on.sum,1737216.0,0.1552%
5,3,_ZN2at6native29vectorized_elementwise_kernelILi4EZZZNS0_49_GLOBAL__N__d2ba64fb_16_TensorCompare_cu_71e06f4e19launch_clamp_scalarERNS_18TensorIteratorBaseEN3c106ScalarES6_NS0_6detail11ClampLimitsEENKUlvE_clEvENKUlvE5_clEvEUlfE_NS_6detail5ArrayIPcLi2EEEEEviT0_T1_,smsp__sass_thread_inst_executed_op_ffma_pred_on.sum,0.0,0.0000%
5,4,_ZN2at6native52_GLOBAL__N__e57809e0_19_DilatedMaxPool2d_cu_6258b57421max_pool_forward_nchwIfEEviPKT_llliiiiiiiiiiPS3_Pl,smsp__sass_thread_inst_executed_op_ffma_pred_on.sum,0.0,0.0000%
5,5,_ZN5cudnn19engines_precompiled16nchwToNhwcKernelIfffLb0ELb1EL21cudnnKernelDataType_t2EEEvNS0_18nchw2nhwc_params_tIT1_EEPKT_PT0_,smsp__sass_thread_inst_executed_op_ffma_pred_on.sum,0.0,0.0000%
5,6,_ZN5cudnn19engines_precompiled16nchwToNhwcKernelIfffLb0ELb1EL21cudnnKernelDataType_t2EEEvNS0_18nchw2nhwc_params_tIT1_EEPKT_PT0_,smsp__sass_thread_inst_executed_op_ffma_pred_on.sum,0.0,0.0000%
5,7,_ZN17cutlass__5x_cudnn6KernelI66cutlass_tensorop_s1688fprop_optimized_tf32_128x64_16x6_nhwc_align4EEvNT_6ParamsE,smsp__sass_thread_inst_executed_op_ffma_pred_on.sum,458752.0,0.0410%
5,8,_ZN5cudnn19engines_precompiled16nhwcToNchwKernelIfffLb1ELb0EL21cudnnKernelDataType_t0EEEvNS0_18nhwc2nchw_params_tIT1_EEPKT_PT0_,smsp__sass_thread_inst_executed_op_ffma_pred_on.sum,0.0,0.0000%
5,9,_ZN2at6native18elementwise_kernelILi128ELi2EZNS0_22gpu_kernel_impl_nocastINS0_15CUDAFunctor_addIfEEEEvRNS_18TensorIteratorBaseERKT_EUliE_EEviT1_,smsp__sass_thread_inst_executed_op_ffma_pred_on.sum,401408.0,0.0359%
5,0,_ZN2at6native18elementwise_kernelILi128ELi2EZNS0_22gpu_kernel_impl_nocastINS0_15CUDAFunctor_addIfEEEEvRNS_18TensorIteratorBaseERKT_EUliE_EEviT1_,smsp__sass_thread_inst_executed_op_fadd_pred_on.sum,0.0,0.0000%
5,1,_ZN2at6native29vectorized_elementwise_kernelILi4ENS0_21CUDAFunctorOnSelf_addIlEENS_6detail5ArrayIPcLi2EEEEEviT0_T1_,smsp__sass_thread_inst_executed_op_fadd_pred_on.sum,0.0,0.0000%
5,2,_ZN5cudnn24bn_fw_tr_1C11_singlereadIfLi512ELb1ELi1ELi2ELi0EEEvNS_18bn_fw_tr_1C11_argsIT_EE,smsp__sass_thread_inst_executed_op_fadd_pred_on.sum,2999040.0,2.0522%
5,3,_ZN2at6native29vectorized_elementwise_kernelILi4EZZZNS0_49_GLOBAL__N__d2ba64fb_16_TensorCompare_cu_71e06f4e19launch_clamp_scalarERNS_18TensorIteratorBaseEN3c106ScalarES6_NS0_6detail11ClampLimitsEENKUlvE_clEvENKUlvE5_clEvEUlfE_NS_6detail5ArrayIPcLi2EEEEEviT0_T1_,smsp__sass_thread_inst_executed_op_fadd_pred_on.sum,0.0,0.0000%
5,4,_ZN2at6native52_GLOBAL__N__e57809e0_19_DilatedMaxPool2d_cu_6258b57421max_pool_forward_nchwIfEEviPKT_llliiiiiiiiiiPS3_Pl,smsp__sass_thread_inst_executed_op_fadd_pred_on.sum,0.0,0.0000%
5,5,_ZN5cudnn19engines_precompiled16nchwToNhwcKernelIfffLb0ELb1EL21cudnnKernelDataType_t2EEEvNS0_18nchw2nhwc_params_tIT1_EEPKT_PT0_,smsp__sass_thread_inst_executed_op_fadd_pred_on.sum,0.0,0.0000%
5,6,_ZN5cudnn19engines_precompiled16nchwToNhwcKernelIfffLb0ELb1EL21cudnnKernelDataType_t2EEEvNS0_18nchw2nhwc_params_tIT1_EEPKT_PT0_,smsp__sass_thread_inst_executed_op_fadd_pred_on.sum,0.0,0.0000%
5,7,_ZN17cutlass__5x_cudnn6KernelI66cutlass_tensorop_s1688fprop_optimized_tf32_128x64_16x6_nhwc_align4EEvNT_6ParamsE,smsp__sass_thread_inst_executed_op_fadd_pred_on.sum,0.0,0.0000%
5,8,_ZN5cudnn19engines_precompiled16nhwcToNchwKernelIfffLb1ELb0EL21cudnnKernelDataType_t0EEEvNS0_18nhwc2nchw_params_tIT1_EEPKT_PT0_,smsp__sass_thread_inst_executed_op_fadd_pred_on.sum,0.0,0.0000%
5,9,_ZN2at6native18elementwise_kernelILi128ELi2EZNS0_22gpu_kernel_impl_nocastINS0_15CUDAFunctor_addIfEEEEvRNS_18TensorIteratorBaseERKT_EUliE_EEviT1_,smsp__sass_thread_inst_executed_op_fadd_pred_on.sum,0.0,0.0000%
5,0,_ZN2at6native18elementwise_kernelILi128ELi2EZNS0_22gpu_kernel_impl_nocastINS0_15CUDAFunctor_addIfEEEEvRNS_18TensorIteratorBaseERKT_EUliE_EEviT1_,smsp__sass_thread_inst_executed_op_fmul_pred_on.sum,0.0,0.0000%
5,1,_ZN2at6native29vectorized_elementwise_kernelILi4ENS0_21CUDAFunctorOnSelf_addIlEENS_6detail5ArrayIPcLi2EEEEEviT0_T1_,smsp__sass_thread_inst_executed_op_fmul_pred_on.sum,0.0,0.0000%
5,2,_ZN5cudnn24bn_fw_tr_1C11_singlereadIfLi512ELb1ELi1ELi2ELi0EEEvNS_18bn_fw_tr_1C11_argsIT_EE,smsp__sass_thread_inst_executed_op_fmul_pred_on.sum,394496.0,0.5428%
5,3,_ZN2at6native29vectorized_elementwise_kernelILi4EZZZNS0_49_GLOBAL__N__d2ba64fb_16_TensorCompare_cu_71e06f4e19launch_clamp_scalarERNS_18TensorIteratorBaseEN3c106ScalarES6_NS0_6detail11ClampLimitsEENKUlvE_clEvENKUlvE5_clEvEUlfE_NS_6detail5ArrayIPcLi2EEEEEviT0_T1_,smsp__sass_thread_inst_executed_op_fmul_pred_on.sum,0.0,0.0000%
5,4,_ZN2at6native52_GLOBAL__N__e57809e0_19_DilatedMaxPool2d_cu_6258b57421max_pool_forward_nchwIfEEviPKT_llliiiiiiiiiiPS3_Pl,smsp__sass_thread_inst_executed_op_fmul_pred_on.sum,0.0,0.0000%
5,5,_ZN5cudnn19engines_precompiled16nchwToNhwcKernelIfffLb0ELb1EL21cudnnKernelDataType_t2EEEvNS0_18nchw2nhwc_params_tIT1_EEPKT_PT0_,smsp__sass_thread_inst_executed_op_fmul_pred_on.sum,200704.0,0.2761%
5,6,_ZN5cudnn19engines_precompiled16nchwToNhwcKernelIfffLb0ELb1EL21cudnnKernelDataType_t2EEEvNS0_18nchw2nhwc_params_tIT1_EEPKT_PT0_,smsp__sass_thread_inst_executed_op_fmul_pred_on.sum,1179648.0,1.6231%
5,7,_ZN17cutlass__5x_cudnn6KernelI66cutlass_tensorop_s1688fprop_optimized_tf32_128x64_16x6_nhwc_align4EEvNT_6ParamsE,smsp__sass_thread_inst_executed_op_fmul_pred_on.sum,458752.0,0.6312%
5,8,_ZN5cudnn19engines_precompiled16nhwcToNchwKernelIfffLb1ELb0EL21cudnnKernelDataType_t0EEEvNS0_18nhwc2nchw_params_tIT1_EEPKT_PT0_,smsp__sass_thread_inst_executed_op_fmul_pred_on.sum,401408.0,0.5523%
5,9,_ZN2at6native18elementwise_kernelILi128ELi2EZNS0_22gpu_kernel_impl_nocastINS0_15CUDAFunctor_addIfEEEEvRNS_18TensorIteratorBaseERKT_EUliE_EEviT1_,smsp__sass_thread_inst_executed_op_fmul_pred_on.sum,0.0,0.0000%
5,0,_ZN2at6native18elementwise_kernelILi128ELi2EZNS0_22gpu_kernel_impl_nocastINS0_15CUDAFunctor_addIfEEEEvRNS_18TensorIteratorBaseERKT_EUliE_EEviT1_,smsp__sass_thread_inst_executed_op_fp32_pred_on.sum,802816.0,0.0540%
5,1,_ZN2at6native29vectorized_elementwise_kernelILi4ENS0_21CUDAFunctorOnSelf_addIlEENS_6detail5ArrayIPcLi2EEEEEviT0_T1_,smsp__sass_thread_inst_executed_op_fp32_pred_on.sum,0.0,0.0000%
5,2,_ZN5cudnn24bn_fw_tr_1C11_singlereadIfLi512ELb1ELi1ELi2ELi0EEEvNS_18bn_fw_tr_1C11_argsIT_EE,smsp__sass_thread_inst_executed_op_fp32_pred_on.sum,5524480.0,0.3719%
5,3,_ZN2at6native29vectorized_elementwise_kernelILi4EZZZNS0_49_GLOBAL__N__d2ba64fb_16_TensorCompare_cu_71e06f4e19launch_clamp_scalarERNS_18TensorIteratorBaseEN3c106ScalarES6_NS0_6detail11ClampLimitsEENKUlvE_clEvENKUlvE5_clEvEUlfE_NS_6detail5ArrayIPcLi2EEEEEviT0_T1_,smsp__sass_thread_inst_executed_op_fp32_pred_on.sum,2408448.0,0.1621%
5,4,_ZN2at6native52_GLOBAL__N__e57809e0_19_DilatedMaxPool2d_cu_6258b57421max_pool_forward_nchwIfEEviPKT_llliiiiiiiiiiPS3_Pl,smsp__sass_thread_inst_executed_op_fp32_pred_on.sum,2609152.0,0.1757%
5,5,_ZN5cudnn19engines_precompiled16nchwToNhwcKernelIfffLb0ELb1EL21cudnnKernelDataType_t2EEEvNS0_18nchw2nhwc_params_tIT1_EEPKT_PT0_,smsp__sass_thread_inst_executed_op_fp32_pred_on.sum,401408.0,0.0270%
5,6,_ZN5cudnn19engines_precompiled16nchwToNhwcKernelIfffLb0ELb1EL21cudnnKernelDataType_t2EEEvNS0_18nchw2nhwc_params_tIT1_EEPKT_PT0_,smsp__sass_thread_inst_executed_op_fp32_pred_on.sum,2359296.0,0.1588%
5,7,_ZN17cutlass__5x_cudnn6KernelI66cutlass_tensorop_s1688fprop_optimized_tf32_128x64_16x6_nhwc_align4EEvNT_6ParamsE,smsp__sass_thread_inst_executed_op_fp32_pred_on.sum,931840.0,0.0627%
5,8,_ZN5cudnn19engines_precompiled16nhwcToNchwKernelIfffLb1ELb0EL21cudnnKernelDataType_t0EEEvNS0_18nhwc2nchw_params_tIT1_EEPKT_PT0_,smsp__sass_thread_inst_executed_op_fp32_pred_on.sum,401408.0,0.0270%
5,9,_ZN2at6native18elementwise_kernelILi128ELi2EZNS0_22gpu_kernel_impl_nocastINS0_15CUDAFunctor_addIfEEEEvRNS_18TensorIteratorBaseERKT_EUliE_EEviT1_,smsp__sass_thread_inst_executed_op_fp32_pred_on.sum,401408.0,0.0270%
6,0,_ZN2at6native29vectorized_elementwise_kernelILi4ENS0_21CUDAFunctorOnSelf_addIlEENS_6detail5ArrayIPcLi2EEEEEviT0_T1_,smsp__sass_thread_inst_executed_op_ffma_pred_on.sum,0.0,0.0000%
6,1,_ZN5cudnn24bn_fw_tr_1C11_singlereadIfLi512ELb1ELi1ELi2ELi0EEEvNS_18bn_fw_tr_1C11_argsIT_EE,smsp__sass_thread_inst_executed_op_ffma_pred_on.sum,1065984.0,0.0953%
6,2,_ZN2at6native29vectorized_elementwise_kernelILi4EZZZNS0_49_GLOBAL__N__d2ba64fb_16_TensorCompare_cu_71e06f4e19launch_clamp_scalarERNS_18TensorIteratorBaseEN3c106ScalarES6_NS0_6detail11ClampLimitsEENKUlvE_clEvENKUlvE5_clEvEUlfE_NS_6detail5ArrayIPcLi2EEEEEviT0_T1_,smsp__sass_thread_inst_executed_op_ffma_pred_on.sum,0.0,0.0000%
6,3,_ZN5cudnn19engines_precompiled16nchwToNhwcKernelIfffLb0ELb1EL21cudnnKernelDataType_t2EEEvNS0_18nchw2nhwc_params_tIT1_EEPKT_PT0_,smsp__sass_thread_inst_executed_op_ffma_pred_on.sum,0.0,0.0000%
6,4,_ZN5cudnn19engines_precompiled16nchwToNhwcKernelIfffLb0ELb1EL21cudnnKernelDataType_t2EEEvNS0_18nchw2nhwc_params_tIT1_EEPKT_PT0_,smsp__sass_thread_inst_executed_op_ffma_pred_on.sum,0.0,0.0000%
6,5,_ZN17cutlass__5x_cudnn6KernelI66cutlass_tensorop_s1688fprop_optimized_tf32_128x64_32x3_nhwc_align4EEvNT_6ParamsE,smsp__sass_thread_inst_executed_op_ffma_pred_on.sum,458752.0,0.0410%
6,6,_ZN5cudnn19engines_precompiled16nhwcToNchwKernelIfffLb1ELb0EL21cudnnKernelDataType_t0EEEvNS0_18nhwc2nchw_params_tIT1_EEPKT_PT0_,smsp__sass_thread_inst_executed_op_ffma_pred_on.sum,0.0,0.0000%
6,7,_ZN2at6native18elementwise_kernelILi128ELi2EZNS0_22gpu_kernel_impl_nocastINS0_15CUDAFunctor_addIfEEEEvRNS_18TensorIteratorBaseERKT_EUliE_EEviT1_,smsp__sass_thread_inst_executed_op_ffma_pred_on.sum,401408.0,0.0359%
6,8,_ZN2at6native29vectorized_elementwise_kernelILi4ENS0_21CUDAFunctorOnSelf_addIlEENS_6detail5ArrayIPcLi2EEEEEviT0_T1_,smsp__sass_thread_inst_executed_op_ffma_pred_on.sum,0.0,0.0000%
6,9,_ZN5cudnn24bn_fw_tr_1C11_singlereadIfLi512ELb1ELi1ELi2ELi0EEEvNS_18bn_fw_tr_1C11_argsIT_EE,smsp__sass_thread_inst_executed_op_ffma_pred_on.sum,1065984.0,0.0953%
6,0,_ZN2at6native29vectorized_elementwise_kernelILi4ENS0_21CUDAFunctorOnSelf_addIlEENS_6detail5ArrayIPcLi2EEEEEviT0_T1_,smsp__sass_thread_inst_executed_op_fadd_pred_on.sum,0.0,0.0000%
6,1,_ZN5cudnn24bn_fw_tr_1C11_singlereadIfLi512ELb1ELi1ELi2ELi0EEEvNS_18bn_fw_tr_1C11_argsIT_EE,smsp__sass_thread_inst_executed_op_fadd_pred_on.sum,3589632.0,2.4563%
6,2,_ZN2at6native29vectorized_elementwise_kernelILi4EZZZNS0_49_GLOBAL__N__d2ba64fb_16_TensorCompare_cu_71e06f4e19launch_clamp_scalarERNS_18TensorIteratorBaseEN3c106ScalarES6_NS0_6detail11ClampLimitsEENKUlvE_clEvENKUlvE5_clEvEUlfE_NS_6detail5ArrayIPcLi2EEEEEviT0_T1_,smsp__sass_thread_inst_executed_op_fadd_pred_on.sum,0.0,0.0000%
6,3,_ZN5cudnn19engines_precompiled16nchwToNhwcKernelIfffLb0ELb1EL21cudnnKernelDataType_t2EEEvNS0_18nchw2nhwc_params_tIT1_EEPKT_PT0_,smsp__sass_thread_inst_executed_op_fadd_pred_on.sum,0.0,0.0000%
6,4,_ZN5cudnn19engines_precompiled16nchwToNhwcKernelIfffLb0ELb1EL21cudnnKernelDataType_t2EEEvNS0_18nchw2nhwc_params_tIT1_EEPKT_PT0_,smsp__sass_thread_inst_executed_op_fadd_pred_on.sum,0.0,0.0000%
6,5,_ZN17cutlass__5x_cudnn6KernelI66cutlass_tensorop_s1688fprop_optimized_tf32_128x64_32x3_nhwc_align4EEvNT_6ParamsE,smsp__sass_thread_inst_executed_op_fadd_pred_on.sum,0.0,0.0000%
6,6,_ZN5cudnn19engines_precompiled16nhwcToNchwKernelIfffLb1ELb0EL21cudnnKernelDataType_t0EEEvNS0_18nhwc2nchw_params_tIT1_EEPKT_PT0_,smsp__sass_thread_inst_executed_op_fadd_pred_on.sum,0.0,0.0000%
6,7,_ZN2at6native18elementwise_kernelILi128ELi2EZNS0_22gpu_kernel_impl_nocastINS0_15CUDAFunctor_addIfEEEEvRNS_18TensorIteratorBaseERKT_EUliE_EEviT1_,smsp__sass_thread_inst_executed_op_fadd_pred_on.sum,0.0,0.0000%
6,8,_ZN2at6native29vectorized_elementwise_kernelILi4ENS0_21CUDAFunctorOnSelf_addIlEENS_6detail5ArrayIPcLi2EEEEEviT0_T1_,smsp__sass_thread_inst_executed_op_fadd_pred_on.sum,0.0,0.0000%
6,9,_ZN5cudnn24bn_fw_tr_1C11_singlereadIfLi512ELb1ELi1ELi2ELi0EEEvNS_18bn_fw_tr_1C11_argsIT_EE,smsp__sass_thread_inst_executed_op_fadd_pred_on.sum,3589632.0,2.4563%
6,0,_ZN2at6native29vectorized_elementwise_kernelILi4ENS0_21CUDAFunctorOnSelf_addIlEENS_6detail5ArrayIPcLi2EEEEEviT0_T1_,smsp__sass_thread_inst_executed_op_fmul_pred_on.sum,0.0,0.0000%
6,1,_ZN5cudnn24bn_fw_tr_1C11_singlereadIfLi512ELb1ELi1ELi2ELi0EEEvNS_18bn_fw_tr_1C11_argsIT_EE,smsp__sass_thread_inst_executed_op_fmul_pred_on.sum,788992.0,1.0856%
6,2,_ZN2at6native29vectorized_elementwise_kernelILi4EZZZNS0_49_GLOBAL__N__d2ba64fb_16_TensorCompare_cu_71e06f4e19launch_clamp_scalarERNS_18TensorIteratorBaseEN3c106ScalarES6_NS0_6detail11ClampLimitsEENKUlvE_clEvENKUlvE5_clEvEUlfE_NS_6detail5ArrayIPcLi2EEEEEviT0_T1_,smsp__sass_thread_inst_executed_op_fmul_pred_on.sum,0.0,0.0000%
6,3,_ZN5cudnn19engines_precompiled16nchwToNhwcKernelIfffLb0ELb1EL21cudnnKernelDataType_t2EEEvNS0_18nchw2nhwc_params_tIT1_EEPKT_PT0_,smsp__sass_thread_inst_executed_op_fmul_pred_on.sum,401408.0,0.5523%
6,4,_ZN5cudnn19engines_precompiled16nchwToNhwcKernelIfffLb0ELb1EL21cudnnKernelDataType_t2EEEvNS0_18nchw2nhwc_params_tIT1_EEPKT_PT0_,smsp__sass_thread_inst_executed_op_fmul_pred_on.sum,2359296.0,3.2462%
6,5,_ZN17cutlass__5x_cudnn6KernelI66cutlass_tensorop_s1688fprop_optimized_tf32_128x64_32x3_nhwc_align4EEvNT_6ParamsE,smsp__sass_thread_inst_executed_op_fmul_pred_on.sum,458752.0,0.6312%
6,6,_ZN5cudnn19engines_precompiled16nhwcToNchwKernelIfffLb1ELb0EL21cudnnKernelDataType_t0EEEvNS0_18nhwc2nchw_params_tIT1_EEPKT_PT0_,smsp__sass_thread_inst_executed_op_fmul_pred_on.sum,401408.0,0.5523%
6,7,_ZN2at6native18elementwise_kernelILi128ELi2EZNS0_22gpu_kernel_impl_nocastINS0_15CUDAFunctor_addIfEEEEvRNS_18TensorIteratorBaseERKT_EUliE_EEviT1_,smsp__sass_thread_inst_executed_op_fmul_pred_on.sum,0.0,0.0000%
6,8,_ZN2at6native29vectorized_elementwise_kernelILi4ENS0_21CUDAFunctorOnSelf_addIlEENS_6detail5ArrayIPcLi2EEEEEviT0_T1_,smsp__sass_thread_inst_executed_op_fmul_pred_on.sum,0.0,0.0000%
6,9,_ZN5cudnn24bn_fw_tr_1C11_singlereadIfLi512ELb1ELi1ELi2ELi0EEEvNS_18bn_fw_tr_1C11_argsIT_EE,smsp__sass_thread_inst_executed_op_fmul_pred_on.sum,788992.0,1.0856%
6,0,_ZN2at6native29vectorized_elementwise_kernelILi4ENS0_21CUDAFunctorOnSelf_addIlEENS_6detail5ArrayIPcLi2EEEEEviT0_T1_,smsp__sass_thread_inst_executed_op_fp32_pred_on.sum,0.0,0.0000%
6,1,_ZN5cudnn24bn_fw_tr_1C11_singlereadIfLi512ELb1ELi1ELi2ELi0EEEvNS_18bn_fw_tr_1C11_argsIT_EE,smsp__sass_thread_inst_executed_op_fp32_pred_on.sum,6232064.0,0.4196%
6,2,_ZN2at6native29vectorized_elementwise_kernelILi4EZZZNS0_49_GLOBAL__N__d2ba64fb_16_TensorCompare_cu_71e06f4e19launch_clamp_scalarERNS_18TensorIteratorBaseEN3c106ScalarES6_NS0_6detail11ClampLimitsEENKUlvE_clEvENKUlvE5_clEvEUlfE_NS_6detail5ArrayIPcLi2EEEEEviT0_T1_,smsp__sass_thread_inst_executed_op_fp32_pred_on.sum,1204224.0,0.0811%
6,3,_ZN5cudnn19engines_precompiled16nchwToNhwcKernelIfffLb0ELb1EL21cudnnKernelDataType_t2EEEvNS0_18nchw2nhwc_params_tIT1_EEPKT_PT0_,smsp__sass_thread_inst_executed_op_fp32_pred_on.sum,802816.0,0.0540%
6,4,_ZN5cudnn19engines_precompiled16nchwToNhwcKernelIfffLb0ELb1EL21cudnnKernelDataType_t2EEEvNS0_18nchw2nhwc_params_tIT1_EEPKT_PT0_,smsp__sass_thread_inst_executed_op_fp32_pred_on.sum,4718592.0,0.3177%
6,5,_ZN17cutlass__5x_cudnn6KernelI66cutlass_tensorop_s1688fprop_optimized_tf32_128x64_32x3_nhwc_align4EEvNT_6ParamsE,smsp__sass_thread_inst_executed_op_fp32_pred_on.sum,931840.0,0.0627%
6,6,_ZN5cudnn19engines_precompiled16nhwcToNchwKernelIfffLb1ELb0EL21cudnnKernelDataType_t0EEEvNS0_18nhwc2nchw_params_tIT1_EEPKT_PT0_,smsp__sass_thread_inst_executed_op_fp32_pred_on.sum,401408.0,0.0270%
6,7,_ZN2at6native18elementwise_kernelILi128ELi2EZNS0_22gpu_kernel_impl_nocastINS0_15CUDAFunctor_addIfEEEEvRNS_18TensorIteratorBaseERKT_EUliE_EEviT1_,smsp__sass_thread_inst_executed_op_fp32_pred_on.sum,401408.0,0.0270%
6,8,_ZN2at6native29vectorized_elementwise_kernelILi4ENS0_21CUDAFunctorOnSelf_addIlEENS_6detail5ArrayIPcLi2EEEEEviT0_T1_,smsp__sass_thread_inst_executed_op_fp32_pred_on.sum,0.0,0.0000%
6,9,_ZN5cudnn24bn_fw_tr_1C11_singlereadIfLi512ELb1ELi1ELi2ELi0EEEvNS_18bn_fw_tr_1C11_argsIT_EE,smsp__sass_thread_inst_executed_op_fp32_pred_on.sum,6232064.0,0.4196%
7,0,_ZN2at6native29vectorized_elementwise_kernelILi4EZZZNS0_49_GLOBAL__N__d2ba64fb_16_TensorCompare_cu_71e06f4e19launch_clamp_scalarERNS_18TensorIteratorBaseEN3c106ScalarES6_NS0_6detail11ClampLimitsEENKUlvE_clEvENKUlvE5_clEvEUlfE_NS_6detail5ArrayIPcLi2EEEEEviT0_T1_,smsp__sass_thread_inst_executed_op_ffma_pred_on.sum,0.0,0.0000%
7,1,_ZN5cudnn19engines_precompiled16nchwToNhwcKernelIfffLb0ELb1EL21cudnnKernelDataType_t2EEEvNS0_18nchw2nhwc_params_tIT1_EEPKT_PT0_,smsp__sass_thread_inst_executed_op_ffma_pred_on.sum,0.0,0.0000%
7,2,_ZN5cudnn19engines_precompiled16nchwToNhwcKernelIfffLb0ELb1EL21cudnnKernelDataType_t2EEEvNS0_18nchw2nhwc_params_tIT1_EEPKT_PT0_,smsp__sass_thread_inst_executed_op_ffma_pred_on.sum,0.0,0.0000%
7,3,_ZN17cutlass__5x_cudnn6KernelI66cutlass_tensorop_s1688fprop_optimized_tf32_128x64_32x3_nhwc_align4EEvNT_6ParamsE,smsp__sass_thread_inst_executed_op_ffma_pred_on.sum,458752.0,0.0410%
7,4,_ZN5cudnn19engines_precompiled16nhwcToNchwKernelIfffLb1ELb0EL21cudnnKernelDataType_t0EEEvNS0_18nhwc2nchw_params_tIT1_EEPKT_PT0_,smsp__sass_thread_inst_executed_op_ffma_pred_on.sum,0.0,0.0000%
7,5,_ZN2at6native18elementwise_kernelILi128ELi2EZNS0_22gpu_kernel_impl_nocastINS0_15CUDAFunctor_addIfEEEEvRNS_18TensorIteratorBaseERKT_EUliE_EEviT1_,smsp__sass_thread_inst_executed_op_ffma_pred_on.sum,401408.0,0.0359%
7,6,_ZN2at6native29vectorized_elementwise_kernelILi4ENS0_21CUDAFunctorOnSelf_addIlEENS_6detail5ArrayIPcLi2EEEEEviT0_T1_,smsp__sass_thread_inst_executed_op_ffma_pred_on.sum,0.0,0.0000%
7,7,_ZN5cudnn24bn_fw_tr_1C11_singlereadIfLi512ELb1ELi1ELi2ELi0EEEvNS_18bn_fw_tr_1C11_argsIT_EE,smsp__sass_thread_inst_executed_op_ffma_pred_on.sum,1065984.0,0.0953%
7,8,_ZN2at6native29vectorized_elementwise_kernelILi4EZZZNS0_49_GLOBAL__N__d2ba64fb_16_TensorCompare_cu_71e06f4e19launch_clamp_scalarERNS_18TensorIteratorBaseEN3c106ScalarES6_NS0_6detail11ClampLimitsEENKUlvE_clEvENKUlvE5_clEvEUlfE_NS_6detail5ArrayIPcLi2EEEEEviT0_T1_,smsp__sass_thread_inst_executed_op_ffma_pred_on.sum,0.0,0.0000%
7,9,_ZN2at6native52_GLOBAL__N__e57809e0_19_DilatedMaxPool2d_cu_6258b57421max_pool_forward_nchwIfEEviPKT_llliiiiiiiiiiPS3_Pl,smsp__sass_thread_inst_executed_op_ffma_pred_on.sum,0.0,0.0000%
7,0,_ZN2at6native29vectorized_elementwise_kernelILi4EZZZNS0_49_GLOBAL__N__d2ba64fb_16_TensorCompare_cu_71e06f4e19launch_clamp_scalarERNS_18TensorIteratorBaseEN3c106ScalarES6_NS0_6detail11ClampLimitsEENKUlvE_clEvENKUlvE5_clEvEUlfE_NS_6detail5ArrayIPcLi2EEEEEviT0_T1_,smsp__sass_thread_inst_executed_op_fadd_pred_on.sum,0.0,0.0000%
7,1,_ZN5cudnn19engines_precompiled16nchwToNhwcKernelIfffLb0ELb1EL21cudnnKernelDataType_t2EEEvNS0_18nchw2nhwc_params_tIT1_EEPKT_PT0_,smsp__sass_thread_inst_executed_op_fadd_pred_on.sum,0.0,0.0000%
7,2,_ZN5cudnn19engines_precompiled16nchwToNhwcKernelIfffLb0ELb1EL21cudnnKernelDataType_t2EEEvNS0_18nchw2nhwc_params_tIT1_EEPKT_PT0_,smsp__sass_thread_inst_executed_op_fadd_pred_on.sum,0.0,0.0000%
7,3,_ZN17cutlass__5x_cudnn6KernelI66cutlass_tensorop_s1688fprop_optimized_tf32_128x64_32x3_nhwc_align4EEvNT_6ParamsE,smsp__sass_thread_inst_executed_op_fadd_pred_on.sum,0.0,0.0000%
7,4,_ZN5cudnn19engines_precompiled16nhwcToNchwKernelIfffLb1ELb0EL21cudnnKernelDataType_t0EEEvNS0_18nhwc2nchw_params_tIT1_EEPKT_PT0_,smsp__sass_thread_inst_executed_op_fadd_pred_on.sum,0.0,0.0000%
7,5,_ZN2at6native18elementwise_kernelILi128ELi2EZNS0_22gpu_kernel_impl_nocastINS0_15CUDAFunctor_addIfEEEEvRNS_18TensorIteratorBaseERKT_EUliE_EEviT1_,smsp__sass_thread_inst_executed_op_fadd_pred_on.sum,0.0,0.0000%
7,6,_ZN2at6native29vectorized_elementwise_kernelILi4ENS0_21CUDAFunctorOnSelf_addIlEENS_6detail5ArrayIPcLi2EEEEEviT0_T1_,smsp__sass_thread_inst_executed_op_fadd_pred_on.sum,0.0,0.0000%
7,7,_ZN5cudnn24bn_fw_tr_1C11_singlereadIfLi512ELb1ELi1ELi2ELi0EEEvNS_18bn_fw_tr_1C11_argsIT_EE,smsp__sass_thread_inst_executed_op_fadd_pred_on.sum,3589632.0,2.4563%
7,8,_ZN2at6native29vectorized_elementwise_kernelILi4EZZZNS0_49_GLOBAL__N__d2ba64fb_16_TensorCompare_cu_71e06f4e19launch_clamp_scalarERNS_18TensorIteratorBaseEN3c106ScalarES6_NS0_6detail11ClampLimitsEENKUlvE_clEvENKUlvE5_clEvEUlfE_NS_6detail5ArrayIPcLi2EEEEEviT0_T1_,smsp__sass_thread_inst_executed_op_fadd_pred_on.sum,0.0,0.0000%
7,9,_ZN2at6native52_GLOBAL__N__e57809e0_19_DilatedMaxPool2d_cu_6258b57421max_pool_forward_nchwIfEEviPKT_llliiiiiiiiiiPS3_Pl,smsp__sass_thread_inst_executed_op_fadd_pred_on.sum,0.0,0.0000%
7,0,_ZN2at6native29vectorized_elementwise_kernelILi4EZZZNS0_49_GLOBAL__N__d2ba64fb_16_TensorCompare_cu_71e06f4e19launch_clamp_scalarERNS_18TensorIteratorBaseEN3c106ScalarES6_NS0_6detail11ClampLimitsEENKUlvE_clEvENKUlvE5_clEvEUlfE_NS_6detail5ArrayIPcLi2EEEEEviT0_T1_,smsp__sass_thread_inst_executed_op_fmul_pred_on.sum,0.0,0.0000%
7,1,_ZN5cudnn19engines_precompiled16nchwToNhwcKernelIfffLb0ELb1EL21cudnnKernelDataType_t2EEEvNS0_18nchw2nhwc_params_tIT1_EEPKT_PT0_,smsp__sass_thread_inst_executed_op_fmul_pred_on.sum,401408.0,0.5523%
7,2,_ZN5cudnn19engines_precompiled16nchwToNhwcKernelIfffLb0ELb1EL21cudnnKernelDataType_t2EEEvNS0_18nchw2nhwc_params_tIT1_EEPKT_PT0_,smsp__sass_thread_inst_executed_op_fmul_pred_on.sum,2359296.0,3.2462%
7,3,_ZN17cutlass__5x_cudnn6KernelI66cutlass_tensorop_s1688fprop_optimized_tf32_128x64_32x3_nhwc_align4EEvNT_6ParamsE,smsp__sass_thread_inst_executed_op_fmul_pred_on.sum,458752.0,0.6312%
7,4,_ZN5cudnn19engines_precompiled16nhwcToNchwKernelIfffLb1ELb0EL21cudnnKernelDataType_t0EEEvNS0_18nhwc2nchw_params_tIT1_EEPKT_PT0_,smsp__sass_thread_inst_executed_op_fmul_pred_on.sum,401408.0,0.5523%
7,5,_ZN2at6native18elementwise_kernelILi128ELi2EZNS0_22gpu_kernel_impl_nocastINS0_15CUDAFunctor_addIfEEEEvRNS_18TensorIteratorBaseERKT_EUliE_EEviT1_,smsp__sass_thread_inst_executed_op_fmul_pred_on.sum,0.0,0.0000%
7,6,_ZN2at6native29vectorized_elementwise_kernelILi4ENS0_21CUDAFunctorOnSelf_addIlEENS_6detail5ArrayIPcLi2EEEEEviT0_T1_,smsp__sass_thread_inst_executed_op_fmul_pred_on.sum,0.0,0.0000%
7,7,_ZN5cudnn24bn_fw_tr_1C11_singlereadIfLi512ELb1ELi1ELi2ELi0EEEvNS_18bn_fw_tr_1C11_argsIT_EE,smsp__sass_thread_inst_executed_op_fmul_pred_on.sum,788992.0,1.0856%
7,8,_ZN2at6native29vectorized_elementwise_kernelILi4EZZZNS0_49_GLOBAL__N__d2ba64fb_16_TensorCompare_cu_71e06f4e19launch_clamp_scalarERNS_18TensorIteratorBaseEN3c106ScalarES6_NS0_6detail11ClampLimitsEENKUlvE_clEvENKUlvE5_clEvEUlfE_NS_6detail5ArrayIPcLi2EEEEEviT0_T1_,smsp__sass_thread_inst_executed_op_fmul_pred_on.sum,0.0,0.0000%
7,9,_ZN2at6native52_GLOBAL__N__e57809e0_19_DilatedMaxPool2d_cu_6258b57421max_pool_forward_nchwIfEEviPKT_llliiiiiiiiiiPS3_Pl,smsp__sass_thread_inst_executed_op_fmul_pred_on.sum,0.0,0.0000%
7,0,_ZN2at6native29vectorized_elementwise_kernelILi4EZZZNS0_49_GLOBAL__N__d2ba64fb_16_TensorCompare_cu_71e06f4e19launch_clamp_scalarERNS_18TensorIteratorBaseEN3c106ScalarES6_NS0_6detail11ClampLimitsEENKUlvE_clEvENKUlvE5_clEvEUlfE_NS_6detail5ArrayIPcLi2EEEEEviT0_T1_,smsp__sass_thread_inst_executed_op_fp32_pred_on.sum,1204224.0,0.0811%
7,1,_ZN5cudnn19engines_precompiled16nchwToNhwcKernelIfffLb0ELb1EL21cudnnKernelDataType_t2EEEvNS0_18nchw2nhwc_params_tIT1_EEPKT_PT0_,smsp__sass_thread_inst_executed_op_fp32_pred_on.sum,802816.0,0.0540%
7,2,_ZN5cudnn19engines_precompiled16nchwToNhwcKernelIfffLb0ELb1EL21cudnnKernelDataType_t2EEEvNS0_18nchw2nhwc_params_tIT1_EEPKT_PT0_,smsp__sass_thread_inst_executed_op_fp32_pred_on.sum,4718592.0,0.3177%
7,3,_ZN17cutlass__5x_cudnn6KernelI66cutlass_tensorop_s1688fprop_optimized_tf32_128x64_32x3_nhwc_align4EEvNT_6ParamsE,smsp__sass_thread_inst_executed_op_fp32_pred_on.sum,931840.0,0.0627%
7,4,_ZN5cudnn19engines_precompiled16nhwcToNchwKernelIfffLb1ELb0EL21cudnnKernelDataType_t0EEEvNS0_18nhwc2nchw_params_tIT1_EEPKT_PT0_,smsp__sass_thread_inst_executed_op_fp32_pred_on.sum,401408.0,0.0270%
7,5,_ZN2at6native18elementwise_kernelILi128ELi2EZNS0_22gpu_kernel_impl_nocastINS0_15CUDAFunctor_addIfEEEEvRNS_18TensorIteratorBaseERKT_EUliE_EEviT1_,smsp__sass_thread_inst_executed_op_fp32_pred_on.sum,401408.0,0.0270%
7,6,_ZN2at6native29vectorized_elementwise_kernelILi4ENS0_21CUDAFunctorOnSelf_addIlEENS_6detail5ArrayIPcLi2EEEEEviT0_T1_,smsp__sass_thread_inst_executed_op_fp32_pred_on.sum,0.0,0.0000%
7,7,_ZN5cudnn24bn_fw_tr_1C11_singlereadIfLi512ELb1ELi1ELi2ELi0EEEvNS_18bn_fw_tr_1C11_argsIT_EE,smsp__sass_thread_inst_executed_op_fp32_pred_on.sum,6232064.0,0.4196%
7,8,_ZN2at6native29vectorized_elementwise_kernelILi4EZZZNS0_49_GLOBAL__N__d2ba64fb_16_TensorCompare_cu_71e06f4e19launch_clamp_scalarERNS_18TensorIteratorBaseEN3c106ScalarES6_NS0_6detail11ClampLimitsEENKUlvE_clEvENKUlvE5_clEvEUlfE_NS_6detail5ArrayIPcLi2EEEEEviT0_T1_,smsp__sass_thread_inst_executed_op_fp32_pred_on.sum,1204224.0,0.0811%
7,9,_ZN2at6native52_GLOBAL__N__e57809e0_19_DilatedMaxPool2d_cu_6258b57421max_pool_forward_nchwIfEEviPKT_llliiiiiiiiiiPS3_Pl,smsp__sass_thread_inst_executed_op_fp32_pred_on.sum,1304576.0,0.0878%
8,0,_ZN5cudnn19engines_precompiled16nchwToNhwcKernelIfffLb0ELb1EL21cudnnKernelDataType_t2EEEvNS0_18nchw2nhwc_params_tIT1_EEPKT_PT0_,smsp__sass_thread_inst_executed_op_ffma_pred_on.sum,0.0,0.0000%
8,1,_ZN5cudnn19engines_precompiled16nchwToNhwcKernelIfffLb0ELb1EL21cudnnKernelDataType_t2EEEvNS0_18nchw2nhwc_params_tIT1_EEPKT_PT0_,smsp__sass_thread_inst_executed_op_ffma_pred_on.sum,0.0,0.0000%
8,2,_ZN5cudnn19engines_precompiled16nhwcToNchwKernelIfffLb1ELb0EL21cudnnKernelDataType_t0EEEvNS0_18nhwc2nchw_params_tIT1_EEPKT_PT0_,smsp__sass_thread_inst_executed_op_ffma_pred_on.sum,131072.0,0.0117%
8,3,_ZN2at6native18elementwise_kernelILi128ELi2EZNS0_22gpu_kernel_impl_nocastINS0_15CUDAFunctor_addIfEEEEvRNS_18TensorIteratorBaseERKT_EUliE_EEviT1_,smsp__sass_thread_inst_executed_op_ffma_pred_on.sum,0.0,0.0000%
8,4,_ZN2at6native29vectorized_elementwise_kernelILi4ENS0_21CUDAFunctorOnSelf_addIlEENS_6detail5ArrayIPcLi2EEEEEviT0_T1_,smsp__sass_thread_inst_executed_op_ffma_pred_on.sum,100352.0,0.0090%
8,5,_ZN5cudnn24bn_fw_tr_1C11_singlereadIfLi512ELb1ELi1ELi2ELi0EEEvNS_18bn_fw_tr_1C11_argsIT_EE,smsp__sass_thread_inst_executed_op_ffma_pred_on.sum,0.0,0.0000%
8,6,_ZN2at6native29vectorized_elementwise_kernelILi4EZZZNS0_49_GLOBAL__N__d2ba64fb_16_TensorCompare_cu_71e06f4e19launch_clamp_scalarERNS_18TensorIteratorBaseEN3c106ScalarES6_NS0_6detail11ClampLimitsEENKUlvE_clEvENKUlvE5_clEvEUlfE_NS_6detail5ArrayIPcLi2EEEEEviT0_T1_,smsp__sass_thread_inst_executed_op_ffma_pred_on.sum,463872.0,0.0415%
8,7,_ZN5cudnn19engines_precompiled16nchwToNhwcKernelIfffLb0ELb1EL21cudnnKernelDataType_t2EEEvNS0_18nchw2nhwc_params_tIT1_EEPKT_PT0_,smsp__sass_thread_inst_executed_op_ffma_pred_on.sum,0.0,0.0000%
8,8,_ZN5cudnn19engines_precompiled16nchwToNhwcKernelIfffLb0ELb1EL21cudnnKernelDataType_t2EEEvNS0_18nchw2nhwc_params_tIT1_EEPKT_PT0_,smsp__sass_thread_inst_executed_op_ffma_pred_on.sum,0.0,0.0000%
8,9,_ZN5cudnn19engines_precompiled16nhwcToNchwKernelIfffLb1ELb0EL21cudnnKernelDataType_t0EEEvNS0_18nhwc2nchw_params_tIT1_EEPKT_PT0_,smsp__sass_thread_inst_executed_op_ffma_pred_on.sum,0.0,0.0000%
8,0,_ZN5cudnn19engines_precompiled16nchwToNhwcKernelIfffLb0ELb1EL21cudnnKernelDataType_t2EEEvNS0_18nchw2nhwc_params_tIT1_EEPKT_PT0_,smsp__sass_thread_inst_executed_op_fadd_pred_on.sum,0.0,0.0000%
8,1,_ZN5cudnn19engines_precompiled16nchwToNhwcKernelIfffLb0ELb1EL21cudnnKernelDataType_t2EEEvNS0_18nchw2nhwc_params_tIT1_EEPKT_PT0_,smsp__sass_thread_inst_executed_op_fadd_pred_on.sum,0.0,0.0000%
8,2,_ZN5cudnn19engines_precompiled16nhwcToNchwKernelIfffLb1ELb0EL21cudnnKernelDataType_t0EEEvNS0_18nhwc2nchw_params_tIT1_EEPKT_PT0_,smsp__sass_thread_inst_executed_op_fadd_pred_on.sum,393216.0,0.2691%
8,3,_ZN2at6native18elementwise_kernelILi128ELi2EZNS0_22gpu_kernel_impl_nocastINS0_15CUDAFunctor_addIfEEEEvRNS_18TensorIteratorBaseERKT_EUliE_EEviT1_,smsp__sass_thread_inst_executed_op_fadd_pred_on.sum,0.0,0.0000%
8,4,_ZN2at6native29vectorized_elementwise_kernelILi4ENS0_21CUDAFunctorOnSelf_addIlEENS_6detail5ArrayIPcLi2EEEEEviT0_T1_,smsp__sass_thread_inst_executed_op_fadd_pred_on.sum,0.0,0.0000%
8,5,_ZN5cudnn24bn_fw_tr_1C11_singlereadIfLi512ELb1ELi1ELi2ELi0EEEvNS_18bn_fw_tr_1C11_argsIT_EE,smsp__sass_thread_inst_executed_op_fadd_pred_on.sum,0.0,0.0000%
8,6,_ZN2at6native29vectorized_elementwise_kernelILi4EZZZNS0_49_GLOBAL__N__d2ba64fb_16_TensorCompare_cu_71e06f4e19launch_clamp_scalarERNS_18TensorIteratorBaseEN3c106ScalarES6_NS0_6detail11ClampLimitsEENKUlvE_clEvENKUlvE5_clEvEUlfE_NS_6detail5ArrayIPcLi2EEEEEviT0_T1_,smsp__sass_thread_inst_executed_op_fadd_pred_on.sum,2987520.0,2.0443%
8,7,_ZN5cudnn19engines_precompiled16nchwToNhwcKernelIfffLb0ELb1EL21cudnnKernelDataType_t2EEEvNS0_18nchw2nhwc_params_tIT1_EEPKT_PT0_,smsp__sass_thread_inst_executed_op_fadd_pred_on.sum,0.0,0.0000%
8,8,_ZN5cudnn19engines_precompiled16nchwToNhwcKernelIfffLb0ELb1EL21cudnnKernelDataType_t2EEEvNS0_18nchw2nhwc_params_tIT1_EEPKT_PT0_,smsp__sass_thread_inst_executed_op_fadd_pred_on.sum,0.0,0.0000%
8,9,_ZN5cudnn19engines_precompiled16nhwcToNchwKernelIfffLb1ELb0EL21cudnnKernelDataType_t0EEEvNS0_18nhwc2nchw_params_tIT1_EEPKT_PT0_,smsp__sass_thread_inst_executed_op_fadd_pred_on.sum,0.0,0.0000%
8,0,_ZN5cudnn19engines_precompiled16nchwToNhwcKernelIfffLb0ELb1EL21cudnnKernelDataType_t2EEEvNS0_18nchw2nhwc_params_tIT1_EEPKT_PT0_,smsp__sass_thread_inst_executed_op_fmul_pred_on.sum,100352.0,0.1381%
8,1,_ZN5cudnn19engines_precompiled16nchwToNhwcKernelIfffLb0ELb1EL21cudnnKernelDataType_t2EEEvNS0_18nchw2nhwc_params_tIT1_EEPKT_PT0_,smsp__sass_thread_inst_executed_op_fmul_pred_on.sum,2359296.0,3.2462%
8,2,_ZN5cudnn19engines_precompiled16nhwcToNchwKernelIfffLb1ELb0EL21cudnnKernelDataType_t0EEEvNS0_18nhwc2nchw_params_tIT1_EEPKT_PT0_,smsp__sass_thread_inst_executed_op_fmul_pred_on.sum,0.0,0.0000%
8,3,_ZN2at6native18elementwise_kernelILi128ELi2EZNS0_22gpu_kernel_impl_nocastINS0_15CUDAFunctor_addIfEEEEvRNS_18TensorIteratorBaseERKT_EUliE_EEviT1_,smsp__sass_thread_inst_executed_op_fmul_pred_on.sum,100352.0,0.1381%
8,4,_ZN2at6native29vectorized_elementwise_kernelILi4ENS0_21CUDAFunctorOnSelf_addIlEENS_6detail5ArrayIPcLi2EEEEEviT0_T1_,smsp__sass_thread_inst_executed_op_fmul_pred_on.sum,0.0,0.0000%
8,5,_ZN5cudnn24bn_fw_tr_1C11_singlereadIfLi512ELb1ELi1ELi2ELi0EEEvNS_18bn_fw_tr_1C11_argsIT_EE,smsp__sass_thread_inst_executed_op_fmul_pred_on.sum,0.0,0.0000%
8,6,_ZN2at6native29vectorized_elementwise_kernelILi4EZZZNS0_49_GLOBAL__N__d2ba64fb_16_TensorCompare_cu_71e06f4e19launch_clamp_scalarERNS_18TensorIteratorBaseEN3c106ScalarES6_NS0_6detail11ClampLimitsEENKUlvE_clEvENKUlvE5_clEvEUlfE_NS_6detail5ArrayIPcLi2EEEEEviT0_T1_,smsp__sass_thread_inst_executed_op_fmul_pred_on.sum,788992.0,1.0856%
8,7,_ZN5cudnn19engines_precompiled16nchwToNhwcKernelIfffLb0ELb1EL21cudnnKernelDataType_t2EEEvNS0_18nchw2nhwc_params_tIT1_EEPKT_PT0_,smsp__sass_thread_inst_executed_op_fmul_pred_on.sum,0.0,0.0000%
8,8,_ZN5cudnn19engines_precompiled16nchwToNhwcKernelIfffLb0ELb1EL21cudnnKernelDataType_t2EEEvNS0_18nchw2nhwc_params_tIT1_EEPKT_PT0_,smsp__sass_thread_inst_executed_op_fmul_pred_on.sum,100352.0,0.1381%
8,9,_ZN5cudnn19engines_precompiled16nhwcToNchwKernelIfffLb1ELb0EL21cudnnKernelDataType_t0EEEvNS0_18nhwc2nchw_params_tIT1_EEPKT_PT0_,smsp__sass_thread_inst_executed_op_fmul_pred_on.sum,2359296.0,3.2462%
8,0,_ZN5cudnn19engines_precompiled16nchwToNhwcKernelIfffLb0ELb1EL21cudnnKernelDataType_t2EEEvNS0_18nchw2nhwc_params_tIT1_EEPKT_PT0_,smsp__sass_thread_inst_executed_op_fp32_pred_on.sum,200704.0,0.0135%
8,1,_ZN5cudnn19engines_precompiled16nchwToNhwcKernelIfffLb0ELb1EL21cudnnKernelDataType_t2EEEvNS0_18nchw2nhwc_params_tIT1_EEPKT_PT0_,smsp__sass_thread_inst_executed_op_fp32_pred_on.sum,4718592.0,0.3177%
8,2,_ZN5cudnn19engines_precompiled16nhwcToNchwKernelIfffLb1ELb0EL21cudnnKernelDataType_t0EEEvNS0_18nhwc2nchw_params_tIT1_EEPKT_PT0_,smsp__sass_thread_inst_executed_op_fp32_pred_on.sum,800768.0,0.0539%
8,3,_ZN2at6native18elementwise_kernelILi128ELi2EZNS0_22gpu_kernel_impl_nocastINS0_15CUDAFunctor_addIfEEEEvRNS_18TensorIteratorBaseERKT_EUliE_EEviT1_,smsp__sass_thread_inst_executed_op_fp32_pred_on.sum,100352.0,0.0068%
8,4,_ZN2at6native29vectorized_elementwise_kernelILi4ENS0_21CUDAFunctorOnSelf_addIlEENS_6detail5ArrayIPcLi2EEEEEviT0_T1_,smsp__sass_thread_inst_executed_op_fp32_pred_on.sum,100352.0,0.0068%
8,5,_ZN5cudnn24bn_fw_tr_1C11_singlereadIfLi512ELb1ELi1ELi2ELi0EEEvNS_18bn_fw_tr_1C11_argsIT_EE,smsp__sass_thread_inst_executed_op_fp32_pred_on.sum,0.0,0.0000%
8,6,_ZN2at6native29vectorized_elementwise_kernelILi4EZZZNS0_49_GLOBAL__N__d2ba64fb_16_TensorCompare_cu_71e06f4e19launch_clamp_scalarERNS_18TensorIteratorBaseEN3c106ScalarES6_NS0_6detail11ClampLimitsEENKUlvE_clEvENKUlvE5_clEvEUlfE_NS_6detail5ArrayIPcLi2EEEEEviT0_T1_,smsp__sass_thread_inst_executed_op_fp32_pred_on.sum,5027840.0,0.3385%
8,7,_ZN5cudnn19engines_precompiled16nchwToNhwcKernelIfffLb0ELb1EL21cudnnKernelDataType_t2EEEvNS0_18nchw2nhwc_params_tIT1_EEPKT_PT0_,smsp__sass_thread_inst_executed_op_fp32_pred_on.sum,301056.0,0.0203%
8,8,_ZN5cudnn19engines_precompiled16nchwToNhwcKernelIfffLb0ELb1EL21cudnnKernelDataType_t2EEEvNS0_18nchw2nhwc_params_tIT1_EEPKT_PT0_,smsp__sass_thread_inst_executed_op_fp32_pred_on.sum,200704.0,0.0135%
8,9,_ZN5cudnn19engines_precompiled16nhwcToNchwKernelIfffLb1ELb0EL21cudnnKernelDataType_t0EEEvNS0_18nhwc2nchw_params_tIT1_EEPKT_PT0_,smsp__sass_thread_inst_executed_op_fp32_pred_on.sum,4718592.0,0.3177%
9,0,_ZN2at6native18elementwise_kernelILi128ELi2EZNS0_22gpu_kernel_impl_nocastINS0_15CUDAFunctor_addIfEEEEvRNS_18TensorIteratorBaseERKT_EUliE_EEviT1_,smsp__sass_thread_inst_executed_op_ffma_pred_on.sum,100352.0,0.0090%
9,1,_ZN2at6native29vectorized_elementwise_kernelILi4ENS0_21CUDAFunctorOnSelf_addIlEENS_6detail5ArrayIPcLi2EEEEEviT0_T1_,smsp__sass_thread_inst_executed_op_ffma_pred_on.sum,0.0,0.0000%
9,2,_ZN5cudnn24bn_fw_tr_1C11_singlereadIfLi512ELb1ELi1ELi2ELi0EEEvNS_18bn_fw_tr_1C11_argsIT_EE,smsp__sass_thread_inst_executed_op_ffma_pred_on.sum,463872.0,0.0415%
9,3,_ZN2at6native29vectorized_elementwise_kernelILi4EZZZNS0_49_GLOBAL__N__d2ba64fb_16_TensorCompare_cu_71e06f4e19launch_clamp_scalarERNS_18TensorIteratorBaseEN3c106ScalarES6_NS0_6detail11ClampLimitsEENKUlvE_clEvENKUlvE5_clEvEUlfE_NS_6detail5ArrayIPcLi2EEEEEviT0_T1_,smsp__sass_thread_inst_executed_op_ffma_pred_on.sum,0.0,0.0000%
9,4,_ZN5cudnn19engines_precompiled16nchwToNhwcKernelIfffLb0ELb1EL21cudnnKernelDataType_t2EEEvNS0_18nchw2nhwc_params_tIT1_EEPKT_PT0_,smsp__sass_thread_inst_executed_op_ffma_pred_on.sum,0.0,0.0000%
9,5,_ZN5cudnn19engines_precompiled16nchwToNhwcKernelIfffLb0ELb1EL21cudnnKernelDataType_t2EEEvNS0_18nchw2nhwc_params_tIT1_EEPKT_PT0_,smsp__sass_thread_inst_executed_op_ffma_pred_on.sum,0.0,0.0000%
9,6,_ZN5cudnn19engines_precompiled16nhwcToNchwKernelIfffLb1ELb0EL21cudnnKernelDataType_t0EEEvNS0_18nhwc2nchw_params_tIT1_EEPKT_PT0_,smsp__sass_thread_inst_executed_op_ffma_pred_on.sum,131072.0,0.0117%
9,7,_ZN2at6native18elementwise_kernelILi128ELi2EZNS0_22gpu_kernel_impl_nocastINS0_15CUDAFunctor_addIfEEEEvRNS_18TensorIteratorBaseERKT_EUliE_EEviT1_,smsp__sass_thread_inst_executed_op_ffma_pred_on.sum,0.0,0.0000%
9,8,_ZN2at6native29vectorized_elementwise_kernelILi4ENS0_21CUDAFunctorOnSelf_addIlEENS_6detail5ArrayIPcLi2EEEEEviT0_T1_,smsp__sass_thread_inst_executed_op_ffma_pred_on.sum,100352.0,0.0090%
9,9,_ZN5cudnn24bn_fw_tr_1C11_singlereadIfLi512ELb1ELi1ELi2ELi0EEEvNS_18bn_fw_tr_1C11_argsIT_EE,smsp__sass_thread_inst_executed_op_ffma_pred_on.sum,0.0,0.0000%
9,0,_ZN2at6native18elementwise_kernelILi128ELi2EZNS0_22gpu_kernel_impl_nocastINS0_15CUDAFunctor_addIfEEEEvRNS_18TensorIteratorBaseERKT_EUliE_EEviT1_,smsp__sass_thread_inst_executed_op_fadd_pred_on.sum,0.0,0.0000%
9,1,_ZN2at6native29vectorized_elementwise_kernelILi4ENS0_21CUDAFunctorOnSelf_addIlEENS_6detail5ArrayIPcLi2EEEEEviT0_T1_,smsp__sass_thread_inst_executed_op_fadd_pred_on.sum,0.0,0.0000%
9,2,_ZN5cudnn24bn_fw_tr_1C11_singlereadIfLi512ELb1ELi1ELi2ELi0EEEvNS_18bn_fw_tr_1C11_argsIT_EE,smsp__sass_thread_inst_executed_op_fadd_pred_on.sum,2987520.0,2.0443%
9,3,_ZN2at6native29vectorized_elementwise_kernelILi4EZZZNS0_49_GLOBAL__N__d2ba64fb_16_TensorCompare_cu_71e06f4e19launch_clamp_scalarERNS_18TensorIteratorBaseEN3c106ScalarES6_NS0_6detail11ClampLimitsEENKUlvE_clEvENKUlvE5_clEvEUlfE_NS_6detail5ArrayIPcLi2EEEEEviT0_T1_,smsp__sass_thread_inst_executed_op_fadd_pred_on.sum,0.0,0.0000%
9,4,_ZN5cudnn19engines_precompiled16nchwToNhwcKernelIfffLb0ELb1EL21cudnnKernelDataType_t2EEEvNS0_18nchw2nhwc_params_tIT1_EEPKT_PT0_,smsp__sass_thread_inst_executed_op_fadd_pred_on.sum,0.0,0.0000%
9,5,_ZN5cudnn19engines_precompiled16nchwToNhwcKernelIfffLb0ELb1EL21cudnnKernelDataType_t2EEEvNS0_18nchw2nhwc_params_tIT1_EEPKT_PT0_,smsp__sass_thread_inst_executed_op_fadd_pred_on.sum,0.0,0.0000%
9,6,_ZN5cudnn19engines_precompiled16nhwcToNchwKernelIfffLb1ELb0EL21cudnnKernelDataType_t0EEEvNS0_18nhwc2nchw_params_tIT1_EEPKT_PT0_,smsp__sass_thread_inst_executed_op_fadd_pred_on.sum,393216.0,0.2691%
9,7,_ZN2at6native18elementwise_kernelILi128ELi2EZNS0_22gpu_kernel_impl_nocastINS0_15CUDAFunctor_addIfEEEEvRNS_18TensorIteratorBaseERKT_EUliE_EEviT1_,smsp__sass_thread_inst_executed_op_fadd_pred_on.sum,0.0,0.0000%
9,8,_ZN2at6native29vectorized_elementwise_kernelILi4ENS0_21CUDAFunctorOnSelf_addIlEENS_6detail5ArrayIPcLi2EEEEEviT0_T1_,smsp__sass_thread_inst_executed_op_fadd_pred_on.sum,0.0,0.0000%
9,9,_ZN5cudnn24bn_fw_tr_1C11_singlereadIfLi512ELb1ELi1ELi2ELi0EEEvNS_18bn_fw_tr_1C11_argsIT_EE,smsp__sass_thread_inst_executed_op_fadd_pred_on.sum,0.0,0.0000%
9,0,_ZN2at6native18elementwise_kernelILi128ELi2EZNS0_22gpu_kernel_impl_nocastINS0_15CUDAFunctor_addIfEEEEvRNS_18TensorIteratorBaseERKT_EUliE_EEviT1_,smsp__sass_thread_inst_executed_op_fmul_pred_on.sum,0.0,0.0000%
9,1,_ZN2at6native29vectorized_elementwise_kernelILi4ENS0_21CUDAFunctorOnSelf_addIlEENS_6detail5ArrayIPcLi2EEEEEviT0_T1_,smsp__sass_thread_inst_executed_op_fmul_pred_on.sum,0.0,0.0000%
9,2,_ZN5cudnn24bn_fw_tr_1C11_singlereadIfLi512ELb1ELi1ELi2ELi0EEEvNS_18bn_fw_tr_1C11_argsIT_EE,smsp__sass_thread_inst_executed_op_fmul_pred_on.sum,788992.0,1.0856%
9,3,_ZN2at6native29vectorized_elementwise_kernelILi4EZZZNS0_49_GLOBAL__N__d2ba64fb_16_TensorCompare_cu_71e06f4e19launch_clamp_scalarERNS_18TensorIteratorBaseEN3c106ScalarES6_NS0_6detail11ClampLimitsEENKUlvE_clEvENKUlvE5_clEvEUlfE_NS_6detail5ArrayIPcLi2EEEEEviT0_T1_,smsp__sass_thread_inst_executed_op_fmul_pred_on.sum,0.0,0.0000%
9,4,_ZN5cudnn19engines_precompiled16nchwToNhwcKernelIfffLb0ELb1EL21cudnnKernelDataType_t2EEEvNS0_18nchw2nhwc_params_tIT1_EEPKT_PT0_,smsp__sass_thread_inst_executed_op_fmul_pred_on.sum,100352.0,0.1381%
9,5,_ZN5cudnn19engines_precompiled16nchwToNhwcKernelIfffLb0ELb1EL21cudnnKernelDataType_t2EEEvNS0_18nchw2nhwc_params_tIT1_EEPKT_PT0_,smsp__sass_thread_inst_executed_op_fmul_pred_on.sum,2359296.0,3.2462%
9,6,_ZN5cudnn19engines_precompiled16nhwcToNchwKernelIfffLb1ELb0EL21cudnnKernelDataType_t0EEEvNS0_18nhwc2nchw_params_tIT1_EEPKT_PT0_,smsp__sass_thread_inst_executed_op_fmul_pred_on.sum,0.0,0.0000%
9,7,_ZN2at6native18elementwise_kernelILi128ELi2EZNS0_22gpu_kernel_impl_nocastINS0_15CUDAFunctor_addIfEEEEvRNS_18TensorIteratorBaseERKT_EUliE_EEviT1_,smsp__sass_thread_inst_executed_op_fmul_pred_on.sum,100352.0,0.1381%
9,8,_ZN2at6native29vectorized_elementwise_kernelILi4ENS0_21CUDAFunctorOnSelf_addIlEENS_6detail5ArrayIPcLi2EEEEEviT0_T1_,smsp__sass_thread_inst_executed_op_fmul_pred_on.sum,0.0,0.0000%
9,9,_ZN5cudnn24bn_fw_tr_1C11_singlereadIfLi512ELb1ELi1ELi2ELi0EEEvNS_18bn_fw_tr_1C11_argsIT_EE,smsp__sass_thread_inst_executed_op_fmul_pred_on.sum,0.0,0.0000%
9,0,_ZN2at6native18elementwise_kernelILi128ELi2EZNS0_22gpu_kernel_impl_nocastINS0_15CUDAFunctor_addIfEEEEvRNS_18TensorIteratorBaseERKT_EUliE_EEviT1_,smsp__sass_thread_inst_executed_op_fp32_pred_on.sum,100352.0,0.0068%
9,1,_ZN2at6native29vectorized_elementwise_kernelILi4ENS0_21CUDAFunctorOnSelf_addIlEENS_6detail5ArrayIPcLi2EEEEEviT0_T1_,smsp__sass_thread_inst_executed_op_fp32_pred_on.sum,0.0,0.0000%
9,2,_ZN5cudnn24bn_fw_tr_1C11_singlereadIfLi512ELb1ELi1ELi2ELi0EEEvNS_18bn_fw_tr_1C11_argsIT_EE,smsp__sass_thread_inst_executed_op_fp32_pred_on.sum,5027840.0,0.3385%
9,3,_ZN2at6native29vectorized_elementwise_kernelILi4EZZZNS0_49_GLOBAL__N__d2ba64fb_16_TensorCompare_cu_71e06f4e19launch_clamp_scalarERNS_18TensorIteratorBaseEN3c106ScalarES6_NS0_6detail11ClampLimitsEENKUlvE_clEvENKUlvE5_clEvEUlfE_NS_6detail5ArrayIPcLi2EEEEEviT0_T1_,smsp__sass_thread_inst_executed_op_fp32_pred_on.sum,301056.0,0.0203%
9,4,_ZN5cudnn19engines_precompiled16nchwToNhwcKernelIfffLb0ELb1EL21cudnnKernelDataType_t2EEEvNS0_18nchw2nhwc_params_tIT1_EEPKT_PT0_,smsp__sass_thread_inst_executed_op_fp32_pred_on.sum,200704.0,0.0135%
9,5,_ZN5cudnn19engines_precompiled16nchwToNhwcKernelIfffLb0ELb1EL21cudnnKernelDataType_t2EEEvNS0_18nchw2nhwc_params_tIT1_EEPKT_PT0_,smsp__sass_thread_inst_executed_op_fp32_pred_on.sum,4718592.0,0.3177%
9,6,_ZN5cudnn19engines_precompiled16nhwcToNchwKernelIfffLb1ELb0EL21cudnnKernelDataType_t0EEEvNS0_18nhwc2nchw_params_tIT1_EEPKT_PT0_,smsp__sass_thread_inst_executed_op_fp32_pred_on.sum,800768.0,0.0539%
9,7,_ZN2at6native18elementwise_kernelILi128ELi2EZNS0_22gpu_kernel_impl_nocastINS0_15CUDAFunctor_addIfEEEEvRNS_18TensorIteratorBaseERKT_EUliE_EEviT1_,smsp__sass_thread_inst_executed_op_fp32_pred_on.sum,100352.0,0.0068%
9,8,_ZN2at6native29vectorized_elementwise_kernelILi4ENS0_21CUDAFunctorOnSelf_addIlEENS_6detail5ArrayIPcLi2EEEEEviT0_T1_,smsp__sass_thread_inst_executed_op_fp32_pred_on.sum,100352.0,0.0068%
9,9,_ZN5cudnn24bn_fw_tr_1C11_singlereadIfLi512ELb1ELi1ELi2ELi0EEEvNS_18bn_fw_tr_1C11_argsIT_EE,smsp__sass_thread_inst_executed_op_fp32_pred_on.sum,0.0,0.0000%
10,0,_ZN2at6native29vectorized_elementwise_kernelILi4EZZZNS0_49_GLOBAL__N__d2ba64fb_16_TensorCompare_cu_71e06f4e19launch_clamp_scalarERNS_18TensorIteratorBaseEN3c106ScalarES6_NS0_6detail11ClampLimitsEENKUlvE_clEvENKUlvE5_clEvEUlfE_NS_6detail5ArrayIPcLi2EEEEEviT0_T1_,smsp__sass_thread_inst_executed_op_ffma_pred_on.sum,0.0,0.0000%
10,1,_ZN2at6native52_GLOBAL__N__e57809e0_19_DilatedMaxPool2d_cu_6258b57421max_pool_forward_nchwIfEEviPKT_llliiiiiiiiiiPS3_Pl,smsp__sass_thread_inst_executed_op_ffma_pred_on.sum,0.0,0.0000%
10,2,_ZN8internal5gemvx6kernelIiiffffLb0ELb1ELb1ELb0ELi7ELb0E16cublasGemvParamsI30cublasGemvTensorStridedBatchedIKfES5_S3_IfEfEEENSt9enable_ifIXntT5_EvE4typeET11_,smsp__sass_thread_inst_executed_op_ffma_pred_on.sum,102764544.0,9.1830%
10,3,_ZN2at6native43_GLOBAL__N__50f1b6c4_10_Dropout_cu_0e96ed3824fused_dropout_kernel_vecIffjLi1ELi4EbEEvNS_4cuda6detail10TensorInfoIKT_T1_EENS5_IS6_S8_EENS5_IT4_S8_EES8_T0_NS_15PhiloxCudaStateE,smsp__sass_thread_inst_executed_op_ffma_pred_on.sum,6144.0,0.0005%
10,4,_Z17gemv2T_kernel_valIiiffffLi128ELi16ELi4ELi4ELb0ELb1E16cublasGemvParamsI30cublasGemvTensorStridedBatchedIKfES3_S1_IfEfEEvT11_T4_S7_,smsp__sass_thread_inst_executed_op_ffma_pred_on.sum,16777216.0,1.4992%
10,5,_ZN2at6native43_GLOBAL__N__50f1b6c4_10_Dropout_cu_0e96ed3824fused_dropout_kernel_vecIffjLi1ELi4EbEEvNS_4cuda6detail10TensorInfoIKT_T1_EENS5_IS6_S8_EENS5_IT4_S8_EES8_T0_NS_15PhiloxCudaStateE,smsp__sass_thread_inst_executed_op_ffma_pred_on.sum,6144.0,0.0005%
10,6,_ZN8internal5gemvx6kernelIiiffffLb0ELb1ELb1ELb0ELi7ELb0E16cublasGemvParamsI30cublasGemvTensorStridedBatchedIKfES5_S3_IfEfEEENSt9enable_ifIXntT5_EvE4typeET11_,smsp__sass_thread_inst_executed_op_ffma_pred_on.sum,4097000.0,0.3661%
10,0,_ZN2at6native29vectorized_elementwise_kernelILi4EZZZNS0_49_GLOBAL__N__d2ba64fb_16_TensorCompare_cu_71e06f4e19launch_clamp_scalarERNS_18TensorIteratorBaseEN3c106ScalarES6_NS0_6detail11ClampLimitsEENKUlvE_clEvENKUlvE5_clEvEUlfE_NS_6detail5ArrayIPcLi2EEEEEviT0_T1_,smsp__sass_thread_inst_executed_op_fadd_pred_on.sum,0.0,0.0000%
10,1,_ZN2at6native52_GLOBAL__N__e57809e0_19_DilatedMaxPool2d_cu_6258b57421max_pool_forward_nchwIfEEviPKT_llliiiiiiiiiiPS3_Pl,smsp__sass_thread_inst_executed_op_fadd_pred_on.sum,0.0,0.0000%
10,2,_ZN8internal5gemvx6kernelIiiffffLb0ELb1ELb1ELb0ELi7ELb0E16cublasGemvParamsI30cublasGemvTensorStridedBatchedIKfES5_S3_IfEfEEENSt9enable_ifIXntT5_EvE4typeET11_,smsp__sass_thread_inst_executed_op_fadd_pred_on.sum,131072.0,0.0897%
10,3,_ZN2at6native43_GLOBAL__N__50f1b6c4_10_Dropout_cu_0e96ed3824fused_dropout_kernel_vecIffjLi1ELi4EbEEvNS_4cuda6detail10TensorInfoIKT_T1_EENS5_IS6_S8_EENS5_IT4_S8_EES8_T0_NS_15PhiloxCudaStateE,smsp__sass_thread_inst_executed_op_fadd_pred_on.sum,1024.0,0.0007%
10,4,_Z17gemv2T_kernel_valIiiffffLi128ELi16ELi4ELi4ELb0ELb1E16cublasGemvParamsI30cublasGemvTensorStridedBatchedIKfES3_S1_IfEfEEvT11_T4_S7_,smsp__sass_thread_inst_executed_op_fadd_pred_on.sum,589824.0,0.4036%
10,5,_ZN2at6native43_GLOBAL__N__50f1b6c4_10_Dropout_cu_0e96ed3824fused_dropout_kernel_vecIffjLi1ELi4EbEEvNS_4cuda6detail10TensorInfoIKT_T1_EENS5_IS6_S8_EENS5_IT4_S8_EES8_T0_NS_15PhiloxCudaStateE,smsp__sass_thread_inst_executed_op_fadd_pred_on.sum,1024.0,0.0007%
10,6,_ZN8internal5gemvx6kernelIiiffffLb0ELb1ELb1ELb0ELi7ELb0E16cublasGemvParamsI30cublasGemvTensorStridedBatchedIKfES5_S3_IfEfEEENSt9enable_ifIXntT5_EvE4typeET11_,smsp__sass_thread_inst_executed_op_fadd_pred_on.sum,32000.0,0.0219%
10,0,_ZN2at6native29vectorized_elementwise_kernelILi4EZZZNS0_49_GLOBAL__N__d2ba64fb_16_TensorCompare_cu_71e06f4e19launch_clamp_scalarERNS_18TensorIteratorBaseEN3c106ScalarES6_NS0_6detail11ClampLimitsEENKUlvE_clEvENKUlvE5_clEvEUlfE_NS_6detail5ArrayIPcLi2EEEEEviT0_T1_,smsp__sass_thread_inst_executed_op_fmul_pred_on.sum,0.0,0.0000%
10,1,_ZN2at6native52_GLOBAL__N__e57809e0_19_DilatedMaxPool2d_cu_6258b57421max_pool_forward_nchwIfEEviPKT_llliiiiiiiiiiPS3_Pl,smsp__sass_thread_inst_executed_op_fmul_pred_on.sum,0.0,0.0000%
10,2,_ZN8internal5gemvx6kernelIiiffffLb0ELb1ELb1ELb0ELi7ELb0E16cublasGemvParamsI30cublasGemvTensorStridedBatchedIKfES5_S3_IfEfEEENSt9enable_ifIXntT5_EvE4typeET11_,smsp__sass_thread_inst_executed_op_fmul_pred_on.sum,0.0,0.0000%
10,3,_ZN2at6native43_GLOBAL__N__50f1b6c4_10_Dropout_cu_0e96ed3824fused_dropout_kernel_vecIffjLi1ELi4EbEEvNS_4cuda6detail10TensorInfoIKT_T1_EENS5_IS6_S8_EENS5_IT4_S8_EES8_T0_NS_15PhiloxCudaStateE,smsp__sass_thread_inst_executed_op_fmul_pred_on.sum,8192.0,0.0113%
10,4,_Z17gemv2T_kernel_valIiiffffLi128ELi16ELi4ELi4ELb0ELb1E16cublasGemvParamsI30cublasGemvTensorStridedBatchedIKfES3_S1_IfEfEEvT11_T4_S7_,smsp__sass_thread_inst_executed_op_fmul_pred_on.sum,2097152.0,2.8855%
10,5,_ZN2at6native43_GLOBAL__N__50f1b6c4_10_Dropout_cu_0e96ed3824fused_dropout_kernel_vecIffjLi1ELi4EbEEvNS_4cuda6detail10TensorInfoIKT_T1_EENS5_IS6_S8_EENS5_IT4_S8_EES8_T0_NS_15PhiloxCudaStateE,smsp__sass_thread_inst_executed_op_fmul_pred_on.sum,8192.0,0.0113%
10,6,_ZN8internal5gemvx6kernelIiiffffLb0ELb1ELb1ELb0ELi7ELb0E16cublasGemvParamsI30cublasGemvTensorStridedBatchedIKfES5_S3_IfEfEEENSt9enable_ifIXntT5_EvE4typeET11_,smsp__sass_thread_inst_executed_op_fmul_pred_on.sum,0.0,0.0000%
10,0,_ZN2at6native29vectorized_elementwise_kernelILi4EZZZNS0_49_GLOBAL__N__d2ba64fb_16_TensorCompare_cu_71e06f4e19launch_clamp_scalarERNS_18TensorIteratorBaseEN3c106ScalarES6_NS0_6detail11ClampLimitsEENKUlvE_clEvENKUlvE5_clEvEUlfE_NS_6detail5ArrayIPcLi2EEEEEviT0_T1_,smsp__sass_thread_inst_executed_op_fp32_pred_on.sum,301056.0,0.0203%
10,1,_ZN2at6native52_GLOBAL__N__e57809e0_19_DilatedMaxPool2d_cu_6258b57421max_pool_forward_nchwIfEEviPKT_llliiiiiiiiiiPS3_Pl,smsp__sass_thread_inst_executed_op_fp32_pred_on.sum,326144.0,0.0220%
10,2,_ZN8internal5gemvx6kernelIiiffffLb0ELb1ELb1ELb0ELi7ELb0E16cublasGemvParamsI30cublasGemvTensorStridedBatchedIKfES5_S3_IfEfEEENSt9enable_ifIXntT5_EvE4typeET11_,smsp__sass_thread_inst_executed_op_fp32_pred_on.sum,103043072.0,6.9374%
10,3,_ZN2at6native43_GLOBAL__N__50f1b6c4_10_Dropout_cu_0e96ed3824fused_dropout_kernel_vecIffjLi1ELi4EbEEvNS_4cuda6detail10TensorInfoIKT_T1_EENS5_IS6_S8_EENS5_IT4_S8_EES8_T0_NS_15PhiloxCudaStateE,smsp__sass_thread_inst_executed_op_fp32_pred_on.sum,24576.0,0.0017%
10,4,_Z17gemv2T_kernel_valIiiffffLi128ELi16ELi4ELi4ELb0ELb1E16cublasGemvParamsI30cublasGemvTensorStridedBatchedIKfES3_S1_IfEfEEvT11_T4_S7_,smsp__sass_thread_inst_executed_op_fp32_pred_on.sum,19542016.0,1.3157%
10,5,_ZN2at6native43_GLOBAL__N__50f1b6c4_10_Dropout_cu_0e96ed3824fused_dropout_kernel_vecIffjLi1ELi4EbEEvNS_4cuda6detail10TensorInfoIKT_T1_EENS5_IS6_S8_EENS5_IT4_S8_EES8_T0_NS_15PhiloxCudaStateE,smsp__sass_thread_inst_executed_op_fp32_pred_on.sum,24576.0,0.0017%
10,6,_ZN8internal5gemvx6kernelIiiffffLb0ELb1ELb1ELb0ELi7ELb0E16cublasGemvParamsI30cublasGemvTensorStridedBatchedIKfES5_S3_IfEfEEENSt9enable_ifIXntT5_EvE4typeET11_,smsp__sass_thread_inst_executed_op_fp32_pred_on.sum,4133000.0,0.2783%
