session_id,range_id,kernel,metric_name,value
1,0,_ZN14cask__5x_cudnn20computeOffsetsKernelILb0ELb0EEEvNS_20ComputeOffsetsParamsE,smsp__sass_thread_inst_executed_op_ffma_pred_on.sum,0.000000
1,1,_5x_cudnn_ampere_scudnn_128x64_relu_medium_nn_v1,smsp__sass_thread_inst_executed_op_ffma_pred_on.sum,102760448.000000
1,2,_ZN2at6native18elementwise_kernelILi128ELi2EZNS0_22gpu_kernel_impl_nocastINS0_15CUDAFunctor_addIfEEEEvRNS_18TensorIteratorBaseERKT_EUliE_EEviT1_,smsp__sass_thread_inst_executed_op_ffma_pred_on.sum,3211264.000000
1,3,_ZN2at6native29vectorized_elementwise_kernelILi4ENS0_21CUDAFunctorOnSelf_addIlEENS_6detail5ArrayIPcLi2EEEEEviT0_T1_,smsp__sass_thread_inst_executed_op_ffma_pred_on.sum,0.000000
1,4,_ZN5cudnn25bn_fw_tr_1C11_kernel_NCHWIffiLi512ELb1ELi1ELb1EEEv17cudnnTensorStructPKT_S1_PS2_PKT0_S8_S6_S6_PS6_S9_S9_S9_S6_S6_,smsp__sass_thread_inst_executed_op_ffma_pred_on.sum,9666880.000000
1,5,_ZN2at6native29vectorized_elementwise_kernelILi4EZZZNS0_49_GLOBAL__N__d2ba64fb_16_TensorCompare_cu_71e06f4e19launch_clamp_scalarERNS_18TensorIteratorBaseEN3c106ScalarES6_NS0_6detail11ClampLimitsEENKUlvE_clEvENKUlvE5_clEvEUlfE_NS_6detail5ArrayIPcLi2EEEEEviT0_T1_,smsp__sass_thread_inst_executed_op_ffma_pred_on.sum,0.000000
1,6,_ZN5cudnn8winograd27generateWinogradTilesKernelILi0EffEEvNS0_27GenerateWinogradTilesParamsIT0_T1_EE,smsp__sass_thread_inst_executed_op_ffma_pred_on.sum,98304.000000
1,7,_5x_cudnn_ampere_scudnn_winograd_128x128_ldg1_ldg4_relu_tile148t_nt_v1,smsp__sass_thread_inst_executed_op_ffma_pred_on.sum,839745536.000000
1,1,_5x_cudnn_ampere_scudnn_128x64_relu_medium_nn_v1,smsp__sass_thread_inst_executed_op_fadd_pred_on.sum,3211264.000000
1,2,_ZN2at6native18elementwise_kernelILi128ELi2EZNS0_22gpu_kernel_impl_nocastINS0_15CUDAFunctor_addIfEEEEvRNS_18TensorIteratorBaseERKT_EUliE_EEviT1_,smsp__sass_thread_inst_executed_op_fadd_pred_on.sum,0.000000
1,3,_ZN2at6native29vectorized_elementwise_kernelILi4ENS0_21CUDAFunctorOnSelf_addIlEENS_6detail5ArrayIPcLi2EEEEEviT0_T1_,smsp__sass_thread_inst_executed_op_fadd_pred_on.sum,0.000000k8
1,4,_ZN5cudnn25bn_fw_tr_1C11_kernel_NCHWIffiLi512ELb1ELi1ELb1EEEv17cudnnTensorStructPKT_S1_PS2_PKT0_S8_S6_S6_PS6_S9_S9_S9_S6_S6_,smsp__sass_thread_inst_executed_op_fadd_pred_on.sum,13226176.000000
1,6,_ZN5cudnn8winograd27generateWinogradTilesKernelILi0EffEEvNS0_27GenerateWinogradTilesParamsIT0_T1_EE,smsp__sass_thread_inst_executed_op_fadd_pred_on.sum,16384.000000
1,7,_5x_cudnn_ampere_scudnn_winograd_128x128_ldg1_ldg4_relu_tile148t_nt_v1,smsp__sass_thread_inst_executed_op_fadd_pred_on.sum,62619648.000000
1,4,_ZN5cudnn25bn_fw_tr_1C11_kernel_NCHWIffiLi512ELb1ELi1ELb1EEEv17cudnnTensorStructPKT_S1_PS2_PKT0_S8_S6_S6_PS6_S9_S9_S9_S6_S6_,smsp__sass_thread_inst_executed_op_fmul_pred_on.sum,12058944.000000
1,6,_ZN5cudnn8winograd27generateWinogradTilesKernelILi0EffEEvNS0_27GenerateWinogradTilesParamsIT0_T1_EE,smsp__sass_thread_inst_executed_op_fmul_pred_on.sum,24576.000000
1,7,_5x_cudnn_ampere_scudnn_winograd_128x128_ldg1_ldg4_relu_tile148t_nt_v1,smsp__sass_thread_inst_executed_op_fmul_pred_on.sum,0.000000
1,1,_5x_cudnn_ampere_scudnn_128x64_relu_medium_nn_v1,smsp__sass_thread_inst_executed_op_fp32_pred_on.sum,122078208.000000
1,4,_ZN5cudnn25bn_fw_tr_1C11_kernel_NCHWIffiLi512ELb1ELi1ELb1EEEv17cudnnTensorStructPKT_S1_PS2_PKT0_S8_S6_S6_PS6_S9_S9_S9_S6_S6_,smsp__sass_thread_inst_executed_op_fp32_pred_on.sum,47011008.000000
1,5,_ZN2at6native29vectorized_elementwise_kernelILi4EZZZNS0_49_GLOBAL__N__d2ba64fb_16_TensorCompare_cu_71e06f4e19launch_clamp_scalarERNS_18TensorIteratorBaseEN3c106ScalarES6_NS0_6detail11ClampLimitsEENKUlvE_clEvENKUlvE5_clEvEUlfE_NS_6detail5ArrayIPcLi2EEEEEviT0_T1_,smsp__sass_thread_inst_executed_op_fp32_pred_on.sum,9633792.000000
1,6,_ZN5cudnn8winograd27generateWinogradTilesKernelILi0EffEEvNS0_27GenerateWinogradTilesParamsIT0_T1_EE,smsp__sass_thread_inst_executed_op_fp32_pred_on.sum,204800.000000
1,7,_5x_cudnn_ampere_scudnn_winograd_128x128_ldg1_ldg4_relu_tile148t_nt_v1,smsp__sass_thread_inst_executed_op_fp32_pred_on.sum,915611648.000000
2,2,_ZN2at6native52_GLOBAL__N__e57809e0_19_DilatedMaxPool2d_cu_6258b57421max_pool_forward_nchwIfEEviPKT_llliiiiiiiiiiPS3_Pl,smsp__sass_thread_inst_executed_op_ffma_pred_on.sum,0.000000
2,3,_ZN5cudnn19engines_precompiled16nchwToNhwcKernelIfffLb0ELb1EL21cudnnKernelDataType_t2EEEvNS0_18nchw2nhwc_params_tIT1_EEPKT_PT0_,smsp__sass_thread_inst_executed_op_ffma_pred_on.sum,0.000000
2,6,_ZN2at6native29vectorized_elementwise_kernelILi4ENS0_21CUDAFunctorOnSelf_addIlEENS_6detail5ArrayIPcLi2EEEEEviT0_T1_,smsp__sass_thread_inst_executed_op_ffma_pred_on.sum,1605632.000000
2,7,_ZN5cudnn25bn_fw_tr_1C11_kernel_NCHWIffiLi512ELb1ELi1ELb1EEEv17cudnnTensorStructPKT_S1_PS2_PKT0_S8_S6_S6_PS6_S9_S9_S9_S6_S6_,smsp__sass_thread_inst_executed_op_ffma_pred_on.sum,0.000000
2,8,_ZN2at6native29vectorized_elementwise_kernelILi4EZZZNS0_49_GLOBAL__N__d2ba64fb_16_TensorCompare_cu_71e06f4e19launch_clamp_scalarERNS_18TensorIteratorBaseEN3c106ScalarES6_NS0_6detail11ClampLimitsEENKUlvE_clEvENKUlvE5_clEvEUlfE_NS_6detail5ArrayIPcLi2EEEEEviT0_T1_,smsp__sass_thread_inst_executed_op_ffma_pred_on.sum,4883072.000000
2,5,_ZN2at6native18elementwise_kernelILi128ELi2EZNS0_22gpu_kernel_impl_nocastINS0_15CUDAFunctor_addIfEEEEvRNS_18TensorIteratorBaseERKT_EUliE_EEviT1_,smsp__sass_thread_inst_executed_op_fadd_pred_on.sum,1605632.000000
2,8,_ZN2at6native29vectorized_elementwise_kernelILi4EZZZNS0_49_GLOBAL__N__d2ba64fb_16_TensorCompare_cu_71e06f4e19launch_clamp_scalarERNS_18TensorIteratorBaseEN3c106ScalarES6_NS0_6detail11ClampLimitsEENKUlvE_clEvENKUlvE5_clEvEUlfE_NS_6detail5ArrayIPcLi2EEEEEviT0_T1_,smsp__sass_thread_inst_executed_op_fadd_pred_on.sum,7184768.000000
2,3,_ZN5cudnn19engines_precompiled16nchwToNhwcKernelIfffLb0ELb1EL21cudnnKernelDataType_t2EEEvNS0_18nchw2nhwc_params_tIT1_EEPKT_PT0_,smsp__sass_thread_inst_executed_op_fmul_pred_on.sum,802816.000000
2,4,_ZN5cudnn19engines_precompiled16nchwToNhwcKernelIfffLb0ELb1EL21cudnnKernelDataType_t2EEEvNS0_18nchw2nhwc_params_tIT1_EEPKT_PT0_,smsp__sass_thread_inst_executed_op_fmul_pred_on.sum,73728.000000
2,8,_ZN2at6native29vectorized_elementwise_kernelILi4EZZZNS0_49_GLOBAL__N__d2ba64fb_16_TensorCompare_cu_71e06f4e19launch_clamp_scalarERNS_18TensorIteratorBaseEN3c106ScalarES6_NS0_6detail11ClampLimitsEENKUlvE_clEvENKUlvE5_clEvEUlfE_NS_6detail5ArrayIPcLi2EEEEEviT0_T1_,smsp__sass_thread_inst_executed_op_fmul_pred_on.sum,6128256.000000
2,2,_ZN2at6native52_GLOBAL__N__e57809e0_19_DilatedMaxPool2d_cu_6258b57421max_pool_forward_nchwIfEEviPKT_llliiiiiiiiiiPS3_Pl,smsp__sass_thread_inst_executed_op_fp32_pred_on.sum,10436608.000000
2,3,_ZN5cudnn19engines_precompiled16nchwToNhwcKernelIfffLb0ELb1EL21cudnnKernelDataType_t2EEEvNS0_18nchw2nhwc_params_tIT1_EEPKT_PT0_,smsp__sass_thread_inst_executed_op_fp32_pred_on.sum,1605632.000000
2,4,_ZN5cudnn19engines_precompiled16nchwToNhwcKernelIfffLb0ELb1EL21cudnnKernelDataType_t2EEEvNS0_18nchw2nhwc_params_tIT1_EEPKT_PT0_,smsp__sass_thread_inst_executed_op_fp32_pred_on.sum,147456.000000
2,5,_ZN2at6native18elementwise_kernelILi128ELi2EZNS0_22gpu_kernel_impl_nocastINS0_15CUDAFunctor_addIfEEEEvRNS_18TensorIteratorBaseERKT_EUliE_EEviT1_,smsp__sass_thread_inst_executed_op_fp32_pred_on.sum,3223808.000000
2,8,_ZN2at6native29vectorized_elementwise_kernelILi4EZZZNS0_49_GLOBAL__N__d2ba64fb_16_TensorCompare_cu_71e06f4e19launch_clamp_scalarERNS_18TensorIteratorBaseEN3c106ScalarES6_NS0_6detail11ClampLimitsEENKUlvE_clEvENKUlvE5_clEvEUlfE_NS_6detail5ArrayIPcLi2EEEEEviT0_T1_,smsp__sass_thread_inst_executed_op_fp32_pred_on.sum,24324480.000000
2,9,_ZN5cudnn19engines_precompiled16nchwToNhwcKernelIfffLb0ELb1EL21cudnnKernelDataType_t2EEEvNS0_18nchw2nhwc_params_tIT1_EEPKT_PT0_,smsp__sass_thread_inst_executed_op_fp32_pred_on.sum,4816896.000000
3,9,_ZN2at6native29vectorized_elementwise_kernelILi4ENS0_21CUDAFunctorOnSelf_addIlEENS_6detail5ArrayIPcLi2EEEEEviT0_T1_,smsp__sass_thread_inst_executed_op_fadd_pred_on.sum,819200.000000
3,7,_ZN5cudnn19engines_precompiled16nchwToNhwcKernelIfffLb0ELb1EL21cudnnKernelDataType_t2EEEvNS0_18nchw2nhwc_params_tIT1_EEPKT_PT0_,smsp__sass_thread_inst_executed_op_fmul_pred_on.sum,401408.000000
3,8,_ZN2at6native18elementwise_kernelILi128ELi2EZNS0_22gpu_kernel_impl_nocastINS0_15CUDAFunctor_addIfEEEEvRNS_18TensorIteratorBaseERKT_EUliE_EEviT1_,smsp__sass_thread_inst_executed_op_fmul_pred_on.sum,294912.000000
3,0,_ZN5cudnn19engines_precompiled16nchwToNhwcKernelIfffLb0ELb1EL21cudnnKernelDataType_t2EEEvNS0_18nchw2nhwc_params_tIT1_EEPKT_PT0_,smsp__sass_thread_inst_executed_op_fp32_pred_on.sum,294912.000000
3,1,_ZN2at6native18elementwise_kernelILi128ELi2EZNS0_22gpu_kernel_impl_nocastINS0_15CUDAFunctor_addIfEEEEvRNS_18TensorIteratorBaseERKT_EUliE_EEviT1_,smsp__sass_thread_inst_executed_op_fp32_pred_on.sum,4854528.000000
3,5,_ZN2at6native52_GLOBAL__N__e57809e0_19_DilatedMaxPool2d_cu_6258b57421max_pool_forward_nchwIfEEviPKT_llliiiiiiiiiiPS3_Pl,smsp__sass_thread_inst_executed_op_fp32_pred_on.sum,4816896.000000
3,6,_ZN5cudnn19engines_precompiled16nchwToNhwcKernelIfffLb0ELb1EL21cudnnKernelDataType_t2EEEvNS0_18nchw2nhwc_params_tIT1_EEPKT_PT0_,smsp__sass_thread_inst_executed_op_fp32_pred_on.sum,5218304.000000
3,8,_ZN2at6native18elementwise_kernelILi128ELi2EZNS0_22gpu_kernel_impl_nocastINS0_15CUDAFunctor_addIfEEEEvRNS_18TensorIteratorBaseERKT_EUliE_EEviT1_,smsp__sass_thread_inst_executed_op_fp32_pred_on.sum,589824.000000
3,9,_ZN2at6native29vectorized_elementwise_kernelILi4ENS0_21CUDAFunctorOnSelf_addIlEENS_6detail5ArrayIPcLi2EEEEEviT0_T1_,smsp__sass_thread_inst_executed_op_fp32_pred_on.sum,1644800.000000
4,0,_ZN5cudnn24bn_fw_tr_1C11_singlereadIfLi512ELb1ELi1ELi2ELi0EEEvNS_18bn_fw_tr_1C11_argsIT_EE,smsp__sass_thread_inst_executed_op_ffma_pred_on.sum,1737216.000000
4,5,_ZN2at6native29vectorized_elementwise_kernelILi4ENS0_21CUDAFunctorOnSelf_addIlEENS_6detail5ArrayIPcLi2EEEEEviT0_T1_,smsp__sass_thread_inst_executed_op_ffma_pred_on.sum,802816.000000
4,6,_ZN5cudnn24bn_fw_tr_1C11_singlereadIfLi512ELb1ELi1ELi2ELi0EEEvNS_18bn_fw_tr_1C11_argsIT_EE,smsp__sass_thread_inst_executed_op_ffma_pred_on.sum,0.000000
4,7,_ZN2at6native29vectorized_elementwise_kernelILi4EZZZNS0_49_GLOBAL__N__d2ba64fb_16_TensorCompare_cu_71e06f4e19launch_clamp_scalarERNS_18TensorIteratorBaseEN3c106ScalarES6_NS0_6detail11ClampLimitsEENKUlvE_clEvENKUlvE5_clEvEUlfE_NS_6detail5ArrayIPcLi2EEEEEviT0_T1_,smsp__sass_thread_inst_executed_op_ffma_pred_on.sum,1737216.000000
4,0,_ZN5cudnn24bn_fw_tr_1C11_singlereadIfLi512ELb1ELi1ELi2ELi0EEEvNS_18bn_fw_tr_1C11_argsIT_EE,smsp__sass_thread_inst_executed_op_fadd_pred_on.sum,2999040.000000
4,4,_ZN2at6native18elementwise_kernelILi128ELi2EZNS0_22gpu_kernel_impl_nocastINS0_15CUDAFunctor_addIfEEEEvRNS_18TensorIteratorBaseERKT_EUliE_EEviT1_,smsp__sass_thread_inst_executed_op_fadd_pred_on.sum,6553600.000000
4,7,_ZN2at6native29vectorized_elementwise_kernelILi4EZZZNS0_49_GLOBAL__N__d2ba64fb_16_TensorCompare_cu_71e06f4e19launch_clamp_scalarERNS_18TensorIteratorBaseEN3c106ScalarES6_NS0_6detail11ClampLimitsEENKUlvE_clEvENKUlvE5_clEvEUlfE_NS_6detail5ArrayIPcLi2EEEEEviT0_T1_,smsp__sass_thread_inst_executed_op_fadd_pred_on.sum,2999040.000000
4,0,_ZN5cudnn24bn_fw_tr_1C11_singlereadIfLi512ELb1ELi1ELi2ELi0EEEvNS_18bn_fw_tr_1C11_argsIT_EE,smsp__sass_thread_inst_executed_op_fmul_pred_on.sum,394496.000000
4,3,_ZN5cudnn19engines_precompiled16nchwToNhwcKernelIfffLb0ELb1EL21cudnnKernelDataType_t2EEEvNS0_18nchw2nhwc_params_tIT1_EEPKT_PT0_,smsp__sass_thread_inst_executed_op_fmul_pred_on.sum,589824.000000
4,4,_ZN2at6native18elementwise_kernelILi128ELi2EZNS0_22gpu_kernel_impl_nocastINS0_15CUDAFunctor_addIfEEEEvRNS_18TensorIteratorBaseERKT_EUliE_EEviT1_,smsp__sass_thread_inst_executed_op_fmul_pred_on.sum,819200.000000
4,7,_ZN2at6native29vectorized_elementwise_kernelILi4EZZZNS0_49_GLOBAL__N__d2ba64fb_16_TensorCompare_cu_71e06f4e19launch_clamp_scalarERNS_18TensorIteratorBaseEN3c106ScalarES6_NS0_6detail11ClampLimitsEENKUlvE_clEvENKUlvE5_clEvEUlfE_NS_6detail5ArrayIPcLi2EEEEEviT0_T1_,smsp__sass_thread_inst_executed_op_fmul_pred_on.sum,394496.000000
4,0,_ZN5cudnn24bn_fw_tr_1C11_singlereadIfLi512ELb1ELi1ELi2ELi0EEEvNS_18bn_fw_tr_1C11_argsIT_EE,smsp__sass_thread_inst_executed_op_fp32_pred_on.sum,5524480.000000
4,1,_ZN2at6native29vectorized_elementwise_kernelILi4EZZZNS0_49_GLOBAL__N__d2ba64fb_16_TensorCompare_cu_71e06f4e19launch_clamp_scalarERNS_18TensorIteratorBaseEN3c106ScalarES6_NS0_6detail11ClampLimitsEENKUlvE_clEvENKUlvE5_clEvEUlfE_NS_6detail5ArrayIPcLi2EEEEEviT0_T1_,smsp__sass_thread_inst_executed_op_fp32_pred_on.sum,2408448.000000
4,3,_ZN5cudnn19engines_precompiled16nchwToNhwcKernelIfffLb0ELb1EL21cudnnKernelDataType_t2EEEvNS0_18nchw2nhwc_params_tIT1_EEPKT_PT0_,smsp__sass_thread_inst_executed_op_fp32_pred_on.sum,1179648.000000
4,4,_ZN2at6native18elementwise_kernelILi128ELi2EZNS0_22gpu_kernel_impl_nocastINS0_15CUDAFunctor_addIfEEEEvRNS_18TensorIteratorBaseERKT_EUliE_EEviT1_,smsp__sass_thread_inst_executed_op_fp32_pred_on.sum,7468800.000000
4,7,_ZN2at6native29vectorized_elementwise_kernelILi4EZZZNS0_49_GLOBAL__N__d2ba64fb_16_TensorCompare_cu_71e06f4e19launch_clamp_scalarERNS_18TensorIteratorBaseEN3c106ScalarES6_NS0_6detail11ClampLimitsEENKUlvE_clEvENKUlvE5_clEvEUlfE_NS_6detail5ArrayIPcLi2EEEEEviT0_T1_,smsp__sass_thread_inst_executed_op_fp32_pred_on.sum,5524480.000000
4,8,_ZN5cudnn19engines_precompiled16nchwToNhwcKernelIfffLb0ELb1EL21cudnnKernelDataType_t2EEEvNS0_18nchw2nhwc_params_tIT1_EEPKT_PT0_,smsp__sass_thread_inst_executed_op_fp32_pred_on.sum,2408448.000000
5,0,_ZN2at6native18elementwise_kernelILi128ELi2EZNS0_22gpu_kernel_impl_nocastINS0_15CUDAFunctor_addIfEEEEvRNS_18TensorIteratorBaseERKT_EUliE_EEviT1_,smsp__sass_thread_inst_executed_op_ffma_pred_on.sum,802816.000000
5,7,_ZN17cutlass__5x_cudnn6KernelI66cutlass_tensorop_s1688fprop_optimized_tf32_128x64_16x6_nhwc_align4EEvNT_6ParamsE,smsp__sass_thread_inst_executed_op_ffma_pred_on.sum,458752.000000
5,8,_ZN5cudnn19engines_precompiled16nhwcToNchwKernelIfffLb1ELb0EL21cudnnKernelDataType_t0EEEvNS0_18nhwc2nchw_params_tIT1_EEPKT_PT0_,smsp__sass_thread_inst_executed_op_ffma_pred_on.sum,0.000000
5,9,_ZN2at6native18elementwise_kernelILi128ELi2EZNS0_22gpu_kernel_impl_nocastINS0_15CUDAFunctor_addIfEEEEvRNS_18TensorIteratorBaseERKT_EUliE_EEviT1_,smsp__sass_thread_inst_executed_op_ffma_pred_on.sum,401408.000000
5,7,_ZN17cutlass__5x_cudnn6KernelI66cutlass_tensorop_s1688fprop_optimized_tf32_128x64_16x6_nhwc_align4EEvNT_6ParamsE,smsp__sass_thread_inst_executed_op_fadd_pred_on.sum,0.000000
5,5,_ZN5cudnn19engines_precompiled16nchwToNhwcKernelIfffLb0ELb1EL21cudnnKernelDataType_t2EEEvNS0_18nchw2nhwc_params_tIT1_EEPKT_PT0_,smsp__sass_thread_inst_executed_op_fmul_pred_on.sum,200704.000000
5,8,_ZN5cudnn19engines_precompiled16nhwcToNchwKernelIfffLb1ELb0EL21cudnnKernelDataType_t0EEEvNS0_18nhwc2nchw_params_tIT1_EEPKT_PT0_,smsp__sass_thread_inst_executed_op_fmul_pred_on.sum,401408.000000
5,4,_ZN2at6native52_GLOBAL__N__e57809e0_19_DilatedMaxPool2d_cu_6258b57421max_pool_forward_nchwIfEEviPKT_llliiiiiiiiiiPS3_Pl,smsp__sass_thread_inst_executed_op_fp32_pred_on.sum,2609152.000000
5,6,_ZN5cudnn19engines_precompiled16nchwToNhwcKernelIfffLb0ELb1EL21cudnnKernelDataType_t2EEEvNS0_18nchw2nhwc_params_tIT1_EEPKT_PT0_,smsp__sass_thread_inst_executed_op_fp32_pred_on.sum,2359296.000000
5,7,_ZN17cutlass__5x_cudnn6KernelI66cutlass_tensorop_s1688fprop_optimized_tf32_128x64_16x6_nhwc_align4EEvNT_6ParamsE,smsp__sass_thread_inst_executed_op_fp32_pred_on.sum,931840.000000
6,1,_ZN5cudnn24bn_fw_tr_1C11_singlereadIfLi512ELb1ELi1ELi2ELi0EEEvNS_18bn_fw_tr_1C11_argsIT_EE,smsp__sass_thread_inst_executed_op_ffma_pred_on.sum,1065984.000000
6,5,_ZN17cutlass__5x_cudnn6KernelI66cutlass_tensorop_s1688fprop_optimized_tf32_128x64_32x3_nhwc_align4EEvNT_6ParamsE,smsp__sass_thread_inst_executed_op_ffma_pred_on.sum,458752.000000
6,1,_ZN5cudnn24bn_fw_tr_1C11_singlereadIfLi512ELb1ELi1ELi2ELi0EEEvNS_18bn_fw_tr_1C11_argsIT_EE,smsp__sass_thread_inst_executed_op_fadd_pred_on.sum,3589632.000000
6,5,_ZN17cutlass__5x_cudnn6KernelI66cutlass_tensorop_s1688fprop_optimized_tf32_128x64_32x3_nhwc_align4EEvNT_6ParamsE,smsp__sass_thread_inst_executed_op_fadd_pred_on.sum,0.000000
6,1,_ZN5cudnn24bn_fw_tr_1C11_singlereadIfLi512ELb1ELi1ELi2ELi0EEEvNS_18bn_fw_tr_1C11_argsIT_EE,smsp__sass_thread_inst_executed_op_fmul_pred_on.sum,788992.000000
6,1,_ZN5cudnn24bn_fw_tr_1C11_singlereadIfLi512ELb1ELi1ELi2ELi0EEEvNS_18bn_fw_tr_1C11_argsIT_EE,smsp__sass_thread_inst_executed_op_fp32_pred_on.sum,6232064.000000
6,2,_ZN2at6native29vectorized_elementwise_kernelILi4EZZZNS0_49_GLOBAL__N__d2ba64fb_16_TensorCompare_cu_71e06f4e19launch_clamp_scalarERNS_18TensorIteratorBaseEN3c106ScalarES6_NS0_6detail11ClampLimitsEENKUlvE_clEvENKUlvE5_clEvEUlfE_NS_6detail5ArrayIPcLi2EEEEEviT0_T1_,smsp__sass_thread_inst_executed_op_fp32_pred_on.sum,1204224.000000
6,4,_ZN5cudnn19engines_precompiled16nchwToNhwcKernelIfffLb0ELb1EL21cudnnKernelDataType_t2EEEvNS0_18nchw2nhwc_params_tIT1_EEPKT_PT0_,smsp__sass_thread_inst_executed_op_fp32_pred_on.sum,4718592.000000
6,5,_ZN17cutlass__5x_cudnn6KernelI66cutlass_tensorop_s1688fprop_optimized_tf32_128x64_32x3_nhwc_align4EEvNT_6ParamsE,smsp__sass_thread_inst_executed_op_fp32_pred_on.sum,931840.000000
7,9,_ZN2at6native52_GLOBAL__N__e57809e0_19_DilatedMaxPool2d_cu_6258b57421max_pool_forward_nchwIfEEviPKT_llliiiiiiiiiiPS3_Pl,smsp__sass_thread_inst_executed_op_fp32_pred_on.sum,1304576.000000
8,2,_ZN5cudnn19engines_precompiled16nhwcToNchwKernelIfffLb1ELb0EL21cudnnKernelDataType_t0EEEvNS0_18nhwc2nchw_params_tIT1_EEPKT_PT0_,smsp__sass_thread_inst_executed_op_ffma_pred_on.sum,131072.000000
8,4,_ZN2at6native29vectorized_elementwise_kernelILi4ENS0_21CUDAFunctorOnSelf_addIlEENS_6detail5ArrayIPcLi2EEEEEviT0_T1_,smsp__sass_thread_inst_executed_op_ffma_pred_on.sum,100352.000000
8,6,_ZN2at6native29vectorized_elementwise_kernelILi4EZZZNS0_49_GLOBAL__N__d2ba64fb_16_TensorCompare_cu_71e06f4e19launch_clamp_scalarERNS_18TensorIteratorBaseEN3c106ScalarES6_NS0_6detail11ClampLimitsEENKUlvE_clEvENKUlvE5_clEvEUlfE_NS_6detail5ArrayIPcLi2EEEEEviT0_T1_,smsp__sass_thread_inst_executed_op_ffma_pred_on.sum,463872.000000
8,2,_ZN5cudnn19engines_precompiled16nhwcToNchwKernelIfffLb1ELb0EL21cudnnKernelDataType_t0EEEvNS0_18nhwc2nchw_params_tIT1_EEPKT_PT0_,smsp__sass_thread_inst_executed_op_fadd_pred_on.sum,393216.000000
8,6,_ZN2at6native29vectorized_elementwise_kernelILi4EZZZNS0_49_GLOBAL__N__d2ba64fb_16_TensorCompare_cu_71e06f4e19launch_clamp_scalarERNS_18TensorIteratorBaseEN3c106ScalarES6_NS0_6detail11ClampLimitsEENKUlvE_clEvENKUlvE5_clEvEUlfE_NS_6detail5ArrayIPcLi2EEEEEviT0_T1_,smsp__sass_thread_inst_executed_op_fadd_pred_on.sum,2987520.000000
8,0,_ZN5cudnn19engines_precompiled16nchwToNhwcKernelIfffLb0ELb1EL21cudnnKernelDataType_t2EEEvNS0_18nchw2nhwc_params_tIT1_EEPKT_PT0_,smsp__sass_thread_inst_executed_op_fmul_pred_on.sum,100352.000000
8,3,_ZN2at6native18elementwise_kernelILi128ELi2EZNS0_22gpu_kernel_impl_nocastINS0_15CUDAFunctor_addIfEEEEvRNS_18TensorIteratorBaseERKT_EUliE_EEviT1_,smsp__sass_thread_inst_executed_op_fmul_pred_on.sum,100352.000000
8,6,_ZN2at6native29vectorized_elementwise_kernelILi4EZZZNS0_49_GLOBAL__N__d2ba64fb_16_TensorCompare_cu_71e06f4e19launch_clamp_scalarERNS_18TensorIteratorBaseEN3c106ScalarES6_NS0_6detail11ClampLimitsEENKUlvE_clEvENKUlvE5_clEvEUlfE_NS_6detail5ArrayIPcLi2EEEEEviT0_T1_,smsp__sass_thread_inst_executed_op_fmul_pred_on.sum,788992.000000
8,9,_ZN5cudnn19engines_precompiled16nhwcToNchwKernelIfffLb1ELb0EL21cudnnKernelDataType_t0EEEvNS0_18nhwc2nchw_params_tIT1_EEPKT_PT0_,smsp__sass_thread_inst_executed_op_fmul_pred_on.sum,2359296.000000
8,2,_ZN5cudnn19engines_precompiled16nhwcToNchwKernelIfffLb1ELb0EL21cudnnKernelDataType_t0EEEvNS0_18nhwc2nchw_params_tIT1_EEPKT_PT0_,smsp__sass_thread_inst_executed_op_fp32_pred_on.sum,800768.000000
8,6,_ZN2at6native29vectorized_elementwise_kernelILi4EZZZNS0_49_GLOBAL__N__d2ba64fb_16_TensorCompare_cu_71e06f4e19launch_clamp_scalarERNS_18TensorIteratorBaseEN3c106ScalarES6_NS0_6detail11ClampLimitsEENKUlvE_clEvENKUlvE5_clEvEUlfE_NS_6detail5ArrayIPcLi2EEEEEviT0_T1_,smsp__sass_thread_inst_executed_op_fp32_pred_on.sum,5027840.000000
8,7,_ZN5cudnn19engines_precompiled16nchwToNhwcKernelIfffLb0ELb1EL21cudnnKernelDataType_t2EEEvNS0_18nchw2nhwc_params_tIT1_EEPKT_PT0_,smsp__sass_thread_inst_executed_op_fp32_pred_on.sum,301056.000000
8,9,_ZN5cudnn19engines_precompiled16nhwcToNchwKernelIfffLb1ELb0EL21cudnnKernelDataType_t0EEEvNS0_18nhwc2nchw_params_tIT1_EEPKT_PT0_,smsp__sass_thread_inst_executed_op_fp32_pred_on.sum,4718592.000000
9,2,_ZN5cudnn24bn_fw_tr_1C11_singlereadIfLi512ELb1ELi1ELi2ELi0EEEvNS_18bn_fw_tr_1C11_argsIT_EE,smsp__sass_thread_inst_executed_op_ffma_pred_on.sum,463872.000000
9,2,_ZN5cudnn24bn_fw_tr_1C11_singlereadIfLi512ELb1ELi1ELi2ELi0EEEvNS_18bn_fw_tr_1C11_argsIT_EE,smsp__sass_thread_inst_executed_op_fadd_pred_on.sum,2987520.000000
9,2,_ZN5cudnn24bn_fw_tr_1C11_singlereadIfLi512ELb1ELi1ELi2ELi0EEEvNS_18bn_fw_tr_1C11_argsIT_EE,smsp__sass_thread_inst_executed_op_fp32_pred_on.sum,5027840.000000
9,3,_ZN2at6native29vectorized_elementwise_kernelILi4EZZZNS0_49_GLOBAL__N__d2ba64fb_16_TensorCompare_cu_71e06f4e19launch_clamp_scalarERNS_18TensorIteratorBaseEN3c106ScalarES6_NS0_6detail11ClampLimitsEENKUlvE_clEvENKUlvE5_clEvEUlfE_NS_6detail5ArrayIPcLi2EEEEEviT0_T1_,smsp__sass_thread_inst_executed_op_fp32_pred_on.sum,301056.000000
10,2,_ZN8internal5gemvx6kernelIiiffffLb0ELb1ELb1ELb0ELi7ELb0E16cublasGemvParamsI30cublasGemvTensorStridedBatchedIKfES5_S3_IfEfEEENSt9enable_ifIXntT5_EvE4typeET11_,smsp__sass_thread_inst_executed_op_ffma_pred_on.sum,102764544.000000
10,3,_ZN2at6native43_GLOBAL__N__50f1b6c4_10_Dropout_cu_0e96ed3824fused_dropout_kernel_vecIffjLi1ELi4EbEEvNS_4cuda6detail10TensorInfoIKT_T1_EENS5_IS6_S8_EENS5_IT4_S8_EES8_T0_NS_15PhiloxCudaStateE,smsp__sass_thread_inst_executed_op_ffma_pred_on.sum,6144.000000
10,4,_Z17gemv2T_kernel_valIiiffffLi128ELi16ELi4ELi4ELb0ELb1E16cublasGemvParamsI30cublasGemvTensorStridedBatchedIKfES3_S1_IfEfEEvT11_T4_S7_,smsp__sass_thread_inst_executed_op_ffma_pred_on.sum,16777216.000000
10,6,_ZN8internal5gemvx6kernelIiiffffLb0ELb1ELb1ELb0ELi7ELb0E16cublasGemvParamsI30cublasGemvTensorStridedBatchedIKfES5_S3_IfEfEEENSt9enable_ifIXntT5_EvE4typeET11_,smsp__sass_thread_inst_executed_op_ffma_pred_on.sum,4097000.000000
10,2,_ZN8internal5gemvx6kernelIiiffffLb0ELb1ELb1ELb0ELi7ELb0E16cublasGemvParamsI30cublasGemvTensorStridedBatchedIKfES5_S3_IfEfEEENSt9enable_ifIXntT5_EvE4typeET11_,smsp__sass_thread_inst_executed_op_fadd_pred_on.sum,131072.000000
10,3,_ZN2at6native43_GLOBAL__N__50f1b6c4_10_Dropout_cu_0e96ed3824fused_dropout_kernel_vecIffjLi1ELi4EbEEvNS_4cuda6detail10TensorInfoIKT_T1_EENS5_IS6_S8_EENS5_IT4_S8_EES8_T0_NS_15PhiloxCudaStateE,smsp__sass_thread_inst_executed_op_fadd_pred_on.sum,1024.000000
10,4,_Z17gemv2T_kernel_valIiiffffLi128ELi16ELi4ELi4ELb0ELb1E16cublasGemvParamsI30cublasGemvTensorStridedBatchedIKfES3_S1_IfEfEEvT11_T4_S7_,smsp__sass_thread_inst_executed_op_fadd_pred_on.sum,589824.000000
10,6,_ZN8internal5gemvx6kernelIiiffffLb0ELb1ELb1ELb0ELi7ELb0E16cublasGemvParamsI30cublasGemvTensorStridedBatchedIKfES5_S3_IfEfEEENSt9enable_ifIXntT5_EvE4typeET11_,smsp__sass_thread_inst_executed_op_fadd_pred_on.sum,32000.000000
10,2,_ZN8internal5gemvx6kernelIiiffffLb0ELb1ELb1ELb0ELi7ELb0E16cublasGemvParamsI30cublasGemvTensorStridedBatchedIKfES5_S3_IfEfEEENSt9enable_ifIXntT5_EvE4typeET11_,smsp__sass_thread_inst_executed_op_fmul_pred_on.sum,0.000000
10,3,_ZN2at6native43_GLOBAL__N__50f1b6c4_10_Dropout_cu_0e96ed3824fused_dropout_kernel_vecIffjLi1ELi4EbEEvNS_4cuda6detail10TensorInfoIKT_T1_EENS5_IS6_S8_EENS5_IT4_S8_EES8_T0_NS_15PhiloxCudaStateE,smsp__sass_thread_inst_executed_op_fmul_pred_on.sum,8192.000000
10,4,_Z17gemv2T_kernel_valIiiffffLi128ELi16ELi4ELi4ELb0ELb1E16cublasGemvParamsI30cublasGemvTensorStridedBatchedIKfES3_S1_IfEfEEvT11_T4_S7_,smsp__sass_thread_inst_executed_op_fmul_pred_on.sum,2097152.000000
10,1,_ZN2at6native52_GLOBAL__N__e57809e0_19_DilatedMaxPool2d_cu_6258b57421max_pool_forward_nchwIfEEviPKT_llliiiiiiiiiiPS3_Pl,smsp__sass_thread_inst_executed_op_fp32_pred_on.sum,326144.000000
10,2,_ZN8internal5gemvx6kernelIiiffffLb0ELb1ELb1ELb0ELi7ELb0E16cublasGemvParamsI30cublasGemvTensorStridedBatchedIKfES5_S3_IfEfEEENSt9enable_ifIXntT5_EvE4typeET11_,smsp__sass_thread_inst_executed_op_fp32_pred_on.sum,103043072.000000
10,3,_ZN2at6native43_GLOBAL__N__50f1b6c4_10_Dropout_cu_0e96ed3824fused_dropout_kernel_vecIffjLi1ELi4EbEEvNS_4cuda6detail10TensorInfoIKT_T1_EENS5_IS6_S8_EENS5_IT4_S8_EES8_T0_NS_15PhiloxCudaStateE,smsp__sass_thread_inst_executed_op_fp32_pred_on.sum,24576.000000
10,4,_Z17gemv2T_kernel_valIiiffffLi128ELi16ELi4ELi4ELb0ELb1E16cublasGemvParamsI30cublasGemvTensorStridedBatchedIKfES3_S1_IfEfEEvT11_T4_S7_,smsp__sass_thread_inst_executed_op_fp32_pred_on.sum,19542016.000000
10,6,_ZN8internal5gemvx6kernelIiiffffLb0ELb1ELb1ELb0ELi7ELb0E16cublasGemvParamsI30cublasGemvTensorStridedBatchedIKfES5_S3_IfEfEEENSt9enable_ifIXntT5_EvE4typeET11_,smsp__sass_thread_inst_executed_op_fp32_pred_on.sum,4133000.000000
